                    .;Veränderung zum Vortag;Füllstand
07.09.2026;;54,77
08.09.2026;0,23;55,00
09.09.2026;0,16;55,16
10.09.2026;0,13;55,29
11.09.2026;0,10;55,39
12.09.2026;0,22;55,61
13.09.2026;0,20;55,81
14.09.2026;0,12;55,93
15.09.2026;0,03;55,96
16.09.2026;0,06;56,02
17.09.2026;0,10;56,12
18.09.2026;0,14;56,26
19.09.2026;0,29;56,55
20.09.2026;0,29;56,84
21.09.2026;0,15;56,99
22.09.2026;0,00;56,99
23.09.2026;0,03;57,02
24.09.2026;0,05;57,07
25.09.2026;0,08;57,15
26.09.2026;0,22;57,37
27.09.2026;0,26;57,63
28.09.2026;0,12;57,75
29.09.2026;0,19;57,94
30.09.2026;0,09;58,03
01.10.2026;0,18;58,21
02.10.2026;0,18;58,39
03.10.2026;0,34;58,73
04.10.2026;0,31;59,04
05.10.2026;0,19;59,23
06.10.2026;0,07;59,30
07.10.2026;0,14;59,44