run_timestamp_utc,run_date_berlin,data_source_mode,source_url_a,source_url_b,lookback_days,minimum_threshold_pct,latest_data_date,current_fill_level_pct,rate_min_pct_per_day,rate_avg_pct_per_day,rate_max_pct_per_day,optimistic_20pct_lower_withdrawal_rate_pct_per_day,optimistic_20pct_lower_withdrawal_target_date,optimistic_20pct_lower_withdrawal_days_to_min,smallest_withdrawal_rate_pct_per_day,smallest_withdrawal_target_date,smallest_withdrawal_days_to_min,average_withdrawal_rate_pct_per_day,average_withdrawal_target_date,average_withdrawal_days_to_min,largest_withdrawal_rate_pct_per_day,largest_withdrawal_target_date,largest_withdrawal_days_to_min,pessimistic_20pct_higher_withdrawal_rate_pct_per_day,pessimistic_20pct_higher_withdrawal_target_date,pessimistic_20pct_higher_withdrawal_days_to_min
2026-02-10T21:26:11.255785+00:00,2026-02-10,network,https://www.bundesnetzagentur.de/_tools/SVG/js2/_functions/csv_export.html?view=renderCSV&id=870304,https://www.bundesnetzagentur.de/_tools/SVG/js2/_functions/csv_export.html?view=renderCSV&id=870306,30,20.0,2026-02-08,26.99,-1.04,-0.71,-0.28,-0.224,2026-03-11,31.205,-0.28,2026-03-04,24.964,-0.71,2026-02-17,9.845,-1.04,2026-02-14,6.721,-1.248,2026-02-13,5.601
2026-02-11T10:02:43.647893+00:00,2026-02-11,network,https://www.bundesnetzagentur.de/_tools/SVG/js2/_functions/csv_export.html?view=renderCSV&id=870304,https://www.bundesnetzagentur.de/_tools/SVG/js2/_functions/csv_export.html?view=renderCSV&id=870306,30,20.0,2026-02-09,26.23,-1.04,-0.703333,-0.3,-0.24,2026-03-06,25.958,-0.3,2026-03-01,20.767,-0.703333,2026-02-17,8.858,-1.04,2026-02-14,5.99,-1.248,2026-02-13,4.992
2026-02-12T10:23:01.967019+00:00,2026-02-12,network,https://www.bundesnetzagentur.de/_tools/SVG/js2/_functions/csv_export.html?view=renderCSV&id=870304,https://www.bundesnetzagentur.de/_tools/SVG/js2/_functions/csv_export.html?view=renderCSV&id=870306,30,20.0,2026-02-10,25.6,-1.04,-0.691667,-0.3,-0.24,2026-03-05,23.333,-0.3,2026-02-28,18.667,-0.691667,2026-02-18,8.096,-1.04,2026-02-15,5.385,-1.248,2026-02-14,4.487
2026-02-13T10:20:10.744732+00:00,2026-02-13,network,https://www.bundesnetzagentur.de/_tools/SVG/js2/_functions/csv_export.html?view=renderCSV&id=870304,https://www.bundesnetzagentur.de/_tools/SVG/js2/_functions/csv_export.html?view=renderCSV&id=870306,30,20.0,2026-02-11,25.17,-1.02,-0.671333,-0.3,-0.24,2026-03-04,21.542,-0.3,2026-02-28,17.233,-0.671333,2026-02-18,7.701,-1.02,2026-02-16,5.069,-1.224,2026-02-15,4.224
2026-02-14T10:10:21.139110+00:00,2026-02-14,network,https://www.bundesnetzagentur.de/_tools/SVG/js2/_functions/csv_export.html?view=renderCSV&id=870304,https://www.bundesnetzagentur.de/_tools/SVG/js2/_functions/csv_export.html?view=renderCSV&id=870306,30,20.0,2026-02-12,24.83,-1.02,-0.659667,-0.3,-0.24,2026-03-04,20.125,-0.3,2026-02-28,16.1,-0.659667,2026-02-19,7.322,-1.02,2026-02-16,4.735,-1.224,2026-02-15,3.946
2026-02-15T10:10:45.879344+00:00,2026-02-15,network,https://www.bundesnetzagentur.de/_tools/SVG/js2/_functions/csv_export.html?view=renderCSV&id=870304,https://www.bundesnetzagentur.de/_tools/SVG/js2/_functions/csv_export.html?view=renderCSV&id=870306,30,20.0,2026-02-13,24.4,-1.02,-0.653333,-0.3,-0.24,2026-03-03,18.333,-0.3,2026-02-27,14.667,-0.653333,2026-02-19,6.735,-1.02,2026-02-17,4.314,-1.224,2026-02-16,3.595
2026-02-16T10:25:18.905387+00:00,2026-02-16,network,https://www.bundesnetzagentur.de/_tools/SVG/js2/_functions/csv_export.html?view=renderCSV&id=870304,https://www.bundesnetzagentur.de/_tools/SVG/js2/_functions/csv_export.html?view=renderCSV&id=870306,30,20.0,2026-02-14,23.95,-1.02,-0.653333,-0.3,-0.24,2026-03-02,16.458,-0.3,2026-02-27,13.167,-0.653333,2026-02-20,6.046,-1.02,2026-02-17,3.873,-1.224,2026-02-17,3.227
2026-02-17T10:23:49.176051+00:00,2026-02-17,network,https://www.bundesnetzagentur.de/_tools/SVG/js2/_functions/csv_export.html?view=renderCSV&id=870304,https://www.bundesnetzagentur.de/_tools/SVG/js2/_functions/csv_export.html?view=renderCSV&id=870306,30,20.0,2026-02-15,23.54,-1.02,-0.654333,-0.3,-0.24,2026-03-01,14.75,-0.3,2026-02-26,11.8,-0.654333,2026-02-20,5.41,-1.02,2026-02-18,3.471,-1.224,2026-02-17,2.892
2026-02-18T10:22:15.673839+00:00,2026-02-18,network,https://www.bundesnetzagentur.de/_tools/SVG/js2/_functions/csv_export.html?view=renderCSV&id=870304,https://www.bundesnetzagentur.de/_tools/SVG/js2/_functions/csv_export.html?view=renderCSV&id=870306,30,20.0,2026-02-16,22.99,-1.02,-0.659,-0.3,-0.24,2026-02-28,12.458,-0.3,2026-02-25,9.967,-0.659,2026-02-20,4.537,-1.02,2026-02-18,2.931,-1.224,2026-02-18,2.443
2026-02-19T10:22:01.385838+00:00,2026-02-19,network,https://www.bundesnetzagentur.de/_tools/SVG/js2/_functions/csv_export.html?view=renderCSV&id=870304,https://www.bundesnetzagentur.de/_tools/SVG/js2/_functions/csv_export.html?view=renderCSV&id=870306,30,20.0,2026-02-17,22.33,-1.02,-0.665,-0.3,-0.24,2026-02-26,9.708,-0.3,2026-02-24,7.767,-0.665,2026-02-20,3.504,-1.02,2026-02-19,2.284,-1.224,2026-02-18,1.904
2026-02-20T10:17:31.229052+00:00,2026-02-20,network,https://www.bundesnetzagentur.de/_tools/SVG/js2/_functions/csv_export.html?view=renderCSV&id=870304,https://www.bundesnetzagentur.de/_tools/SVG/js2/_functions/csv_export.html?view=renderCSV&id=870306,30,20.0,2026-02-18,21.64,-1.02,-0.660667,-0.3,-0.24,2026-02-24,6.833,-0.3,2026-02-23,5.467,-0.660667,2026-02-20,2.482,-1.02,2026-02-19,1.608,-1.224,2026-02-19,1.34
2026-02-21T10:09:56.773545+00:00,2026-02-21,network,https://www.bundesnetzagentur.de/_tools/SVG/js2/_functions/csv_export.html?view=renderCSV&id=870304,https://www.bundesnetzagentur.de/_tools/SVG/js2/_functions/csv_export.html?view=renderCSV&id=870306,30,20.0,2026-02-19,21.07,-1.02,-0.648333,-0.3,-0.24,2026-02-23,4.458,-0.3,2026-02-22,3.567,-0.648333,2026-02-20,1.65,-1.02,2026-02-20,1.049,-1.224,2026-02-19,0.874
2026-02-22T10:09:33.269732+00:00,2026-02-22,network,https://www.bundesnetzagentur.de/_tools/SVG/js2/_functions/csv_export.html?view=renderCSV&id=870304,https://www.bundesnetzagentur.de/_tools/SVG/js2/_functions/csv_export.html?view=renderCSV&id=870306,30,20.0,2026-02-20,20.65,-1.02,-0.635667,-0.3,-0.24,2026-02-22,2.708,-0.3,2026-02-22,2.167,-0.635667,2026-02-21,1.023,-1.02,2026-02-20,0.637,-1.224,2026-02-20,0.531
2026-02-23T10:24:44.753830+00:00,2026-02-23,network,https://www.bundesnetzagentur.de/_tools/SVG/js2/_functions/csv_export.html?view=renderCSV&id=870304,https://www.bundesnetzagentur.de/_tools/SVG/js2/_functions/csv_export.html?view=renderCSV&id=870306,30,20.0,2026-02-21,20.53,-1.02,-0.610667,-0.12,-0.096,2026-02-26,5.521,-0.12,2026-02-25,4.417,-0.610667,2026-02-21,0.868,-1.02,2026-02-21,0.52,-1.224,2026-02-21,0.433
2026-02-24T08:35:04.970728+00:00,2026-02-24,network,https://www.bundesnetzagentur.de/_tools/SVG/js2/_functions/csv_export.html?view=renderCSV&id=870304,https://www.bundesnetzagentur.de/_tools/SVG/js2/_functions/csv_export.html?view=renderCSV&id=870306,30,20.0,2026-02-22,20.71,-1.02,-0.579333,0.21,0.252,,,0.21,,,-0.579333,2026-02-23,1.226,-1.02,2026-02-22,0.696,-1.224,2026-02-22,0.58
2026-02-24T10:23:32.554350+00:00,2026-02-24,network,https://www.bundesnetzagentur.de/_tools/SVG/js2/_functions/csv_export.html?view=renderCSV&id=870304,https://www.bundesnetzagentur.de/_tools/SVG/js2/_functions/csv_export.html?view=renderCSV&id=870306,30,20.0,2026-02-22,20.71,-1.02,-0.579333,0.21,0.252,,,0.21,,,-0.579333,2026-02-23,1.226,-1.02,2026-02-22,0.696,-1.224,2026-02-22,0.58
2026-02-25T10:24:37.653445+00:00,2026-02-25,network,https://www.bundesnetzagentur.de/_tools/SVG/js2/_functions/csv_export.html?view=renderCSV&id=870304,https://www.bundesnetzagentur.de/_tools/SVG/js2/_functions/csv_export.html?view=renderCSV&id=870306,30,20.0,2026-02-23,20.67,-1.02,-0.56,0.21,0.252,,,0.21,,,-0.56,2026-02-24,1.196,-1.02,2026-02-23,0.657,-1.224,2026-02-23,0.547
2026-02-26T10:22:38.965404+00:00,2026-02-26,network,https://www.bundesnetzagentur.de/_tools/SVG/js2/_functions/csv_export.html?view=renderCSV&id=870304,https://www.bundesnetzagentur.de/_tools/SVG/js2/_functions/csv_export.html?view=renderCSV&id=870306,30,20.0,2026-02-24,20.52,-1.02,-0.542,0.21,0.252,,,0.21,,,-0.542,2026-02-24,0.959,-1.02,2026-02-24,0.51,-1.224,2026-02-24,0.425
2026-02-27T10:18:08.593514+00:00,2026-02-27,network,https://www.bundesnetzagentur.de/_tools/SVG/js2/_functions/csv_export.html?view=renderCSV&id=870304,https://www.bundesnetzagentur.de/_tools/SVG/js2/_functions/csv_export.html?view=renderCSV&id=870306,30,20.0,2026-02-25,20.46,-1.02,-0.516333,0.21,0.252,,,0.21,,,-0.516333,2026-02-25,0.891,-1.02,2026-02-25,0.451,-1.224,2026-02-25,0.376
2026-02-28T10:09:09.711113+00:00,2026-02-28,network,https://www.bundesnetzagentur.de/_tools/SVG/js2/_functions/csv_export.html?view=renderCSV&id=870304,https://www.bundesnetzagentur.de/_tools/SVG/js2/_functions/csv_export.html?view=renderCSV&id=870306,30,20.0,2026-02-26,20.49,-1.02,-0.487667,0.21,0.252,,,0.21,,,-0.487667,2026-02-27,1.005,-1.02,2026-02-26,0.48,-1.224,2026-02-26,0.4
2026-03-02T09:15:41.363499+00:00,2026-03-02,network,https://www.bundesnetzagentur.de/_tools/SVG/js2/_functions/csv_export.html?view=renderCSV&id=870304,https://www.bundesnetzagentur.de/_tools/SVG/js2/_functions/csv_export.html?view=renderCSV&id=870306,30,20.0,2026-02-28,20.73,-1.02,-0.427,0.21,0.252,,,0.21,,,-0.427,2026-03-01,1.71,-1.02,2026-02-28,0.716,-1.224,2026-02-28,0.596
2026-03-03T09:13:26.788425+00:00,2026-03-03,network,https://www.bundesnetzagentur.de/_tools/SVG/js2/_functions/csv_export.html?view=renderCSV&id=870304,https://www.bundesnetzagentur.de/_tools/SVG/js2/_functions/csv_export.html?view=renderCSV&id=870306,30,20.0,2026-03-01,20.83,-1.02,-0.401667,0.21,0.252,,,0.21,,,-0.401667,2026-03-03,2.066,-1.02,2026-03-01,0.814,-1.224,2026-03-01,0.678
2026-03-04T09:12:01.714359+00:00,2026-03-04,network,https://www.bundesnetzagentur.de/_tools/SVG/js2/_functions/csv_export.html?view=renderCSV&id=870304,https://www.bundesnetzagentur.de/_tools/SVG/js2/_functions/csv_export.html?view=renderCSV&id=870306,30,20.0,2026-03-02,20.89,-1.02,-0.383,0.21,0.252,,,0.21,,,-0.383,2026-03-04,2.324,-1.02,2026-03-02,0.873,-1.224,2026-03-02,0.727
2026-03-05T09:13:16.337721+00:00,2026-03-05,network,https://www.bundesnetzagentur.de/_tools/SVG/js2/_functions/csv_export.html?view=renderCSV&id=870304,https://www.bundesnetzagentur.de/_tools/SVG/js2/_functions/csv_export.html?view=renderCSV&id=870306,30,20.0,2026-03-03,20.83,-1.02,-0.369,0.21,0.252,,,0.21,,,-0.369,2026-03-05,2.249,-1.02,2026-03-03,0.814,-1.224,2026-03-03,0.678
2026-03-06T09:11:04.787167+00:00,2026-03-06,network,https://www.bundesnetzagentur.de/_tools/SVG/js2/_functions/csv_export.html?view=renderCSV&id=870304,https://www.bundesnetzagentur.de/_tools/SVG/js2/_functions/csv_export.html?view=renderCSV&id=870306,30,20.0,2026-03-03,20.83,-1.02,-0.369,0.21,0.252,,,0.21,,,-0.369,2026-03-05,2.249,-1.02,2026-03-03,0.814,-1.224,2026-03-03,0.678
2026-03-07T09:06:26.461538+00:00,2026-03-07,network,https://www.bundesnetzagentur.de/_tools/SVG/js2/_functions/csv_export.html?view=renderCSV&id=870304,https://www.bundesnetzagentur.de/_tools/SVG/js2/_functions/csv_export.html?view=renderCSV&id=870306,30,20.0,2026-03-05,20.88,-0.97,-0.305,0.21,0.252,,,0.21,,,-0.305,2026-03-07,2.885,-0.97,2026-03-05,0.907,-1.164,2026-03-05,0.756
2026-03-08T09:06:21.876972+00:00,2026-03-08,network,https://www.bundesnetzagentur.de/_tools/SVG/js2/_functions/csv_export.html?view=renderCSV&id=870304,https://www.bundesnetzagentur.de/_tools/SVG/js2/_functions/csv_export.html?view=renderCSV&id=870306,30,20.0,2026-03-06,20.96,-0.78,-0.27,0.21,0.252,,,0.21,,,-0.27,2026-03-09,3.556,-0.78,2026-03-07,1.231,-0.936,2026-03-07,1.026
2026-03-09T09:15:29.507544+00:00,2026-03-09,network,https://www.bundesnetzagentur.de/_tools/SVG/js2/_functions/csv_export.html?view=renderCSV&id=870304,https://www.bundesnetzagentur.de/_tools/SVG/js2/_functions/csv_export.html?view=renderCSV&id=870306,30,20.0,2026-03-07,21.15,-0.73,-0.237667,0.21,0.252,,,0.21,,,-0.237667,2026-03-11,4.839,-0.73,2026-03-08,1.575,-0.876,2026-03-08,1.313
2026-03-10T09:14:05.653722+00:00,2026-03-10,network,https://www.bundesnetzagentur.de/_tools/SVG/js2/_functions/csv_export.html?view=renderCSV&id=870304,https://www.bundesnetzagentur.de/_tools/SVG/js2/_functions/csv_export.html?view=renderCSV&id=870306,30,20.0,2026-03-08,21.39,-0.69,-0.205333,0.24,0.288,,,0.24,,,-0.205333,2026-03-14,6.769,-0.69,2026-03-10,2.014,-0.828,2026-03-09,1.679
2026-03-11T09:14:08.484382+00:00,2026-03-11,network,https://www.bundesnetzagentur.de/_tools/SVG/js2/_functions/csv_export.html?view=renderCSV&id=870304,https://www.bundesnetzagentur.de/_tools/SVG/js2/_functions/csv_export.html?view=renderCSV&id=870306,30,20.0,2026-03-09,21.52,-0.69,-0.190667,0.22,0.264,,,0.22,,,-0.190667,2026-03-16,7.972,-0.69,2026-03-11,2.203,-0.828,2026-03-10,1.836
2026-03-12T09:14:47.394130+00:00,2026-03-12,network,https://www.bundesnetzagentur.de/_tools/SVG/js2/_functions/csv_export.html?view=renderCSV&id=870304,https://www.bundesnetzagentur.de/_tools/SVG/js2/_functions/csv_export.html?view=renderCSV&id=870306,30,20.0,2026-03-10,21.64,-0.69,-0.174,0.22,0.264,,,0.22,,,-0.174,2026-03-19,9.425,-0.69,2026-03-12,2.377,-0.828,2026-03-11,1.981
2026-03-13T09:12:44.511408+00:00,2026-03-13,network,https://www.bundesnetzagentur.de/_tools/SVG/js2/_functions/csv_export.html?view=renderCSV&id=870304,https://www.bundesnetzagentur.de/_tools/SVG/js2/_functions/csv_export.html?view=renderCSV&id=870306,30,20.0,2026-03-11,21.83,-0.69,-0.145333,0.22,0.264,,,0.22,,,-0.145333,2026-03-23,12.592,-0.69,2026-03-13,2.652,-0.828,2026-03-13,2.21
2026-03-14T09:08:35.804036+00:00,2026-03-14,network,https://www.bundesnetzagentur.de/_tools/SVG/js2/_functions/csv_export.html?view=renderCSV&id=870304,https://www.bundesnetzagentur.de/_tools/SVG/js2/_functions/csv_export.html?view=renderCSV&id=870306,30,20.0,2026-03-12,21.93,-0.69,-0.121333,0.22,0.264,,,0.22,,,-0.121333,2026-03-27,15.907,-0.69,2026-03-14,2.797,-0.828,2026-03-14,2.331
2026-03-15T09:09:23.970926+00:00,2026-03-15,network,https://www.bundesnetzagentur.de/_tools/SVG/js2/_functions/csv_export.html?view=renderCSV&id=870304,https://www.bundesnetzagentur.de/_tools/SVG/js2/_functions/csv_export.html?view=renderCSV&id=870306,30,20.0,2026-03-13,21.99,-0.69,-0.104667,0.22,0.264,,,0.22,,,-0.104667,2026-04-01,19.013,-0.69,2026-03-15,2.884,-0.828,2026-03-15,2.403
2026-03-16T09:22:31.212894+00:00,2026-03-16,network,https://www.bundesnetzagentur.de/_tools/SVG/js2/_functions/csv_export.html?view=renderCSV&id=870304,https://www.bundesnetzagentur.de/_tools/SVG/js2/_functions/csv_export.html?view=renderCSV&id=870306,30,20.0,2026-03-14,21.95,-0.69,-0.094667,0.22,0.264,,,0.22,,,-0.094667,2026-04-03,20.599,-0.69,2026-03-16,2.826,-0.828,2026-03-16,2.355
2026-03-17T09:17:51.884630+00:00,2026-03-17,network,https://www.bundesnetzagentur.de/_tools/SVG/js2/_functions/csv_export.html?view=renderCSV&id=870304,https://www.bundesnetzagentur.de/_tools/SVG/js2/_functions/csv_export.html?view=renderCSV&id=870306,30,20.0,2026-03-15,21.98,-0.69,-0.079,0.22,0.264,,,0.22,,,-0.079,2026-04-09,25.063,-0.69,2026-03-17,2.87,-0.828,2026-03-17,2.391
2026-03-18T09:17:47.302373+00:00,2026-03-18,network,https://www.bundesnetzagentur.de/_tools/SVG/js2/_functions/csv_export.html?view=renderCSV&id=870304,https://www.bundesnetzagentur.de/_tools/SVG/js2/_functions/csv_export.html?view=renderCSV&id=870306,30,20.0,2026-03-16,21.93,-0.69,-0.065667,0.22,0.264,,,0.22,,,-0.065667,2026-04-14,29.391,-0.69,2026-03-18,2.797,-0.828,2026-03-18,2.331
2026-03-19T09:14:45.436208+00:00,2026-03-19,network,https://www.bundesnetzagentur.de/_tools/SVG/js2/_functions/csv_export.html?view=renderCSV&id=870304,https://www.bundesnetzagentur.de/_tools/SVG/js2/_functions/csv_export.html?view=renderCSV&id=870306,30,20.0,2026-03-17,21.84,-0.69,-0.055,0.22,0.264,,,0.22,,,-0.055,2026-04-19,33.455,-0.69,2026-03-19,2.667,-0.828,2026-03-19,2.222
2026-03-20T09:12:48.715887+00:00,2026-03-20,network,https://www.bundesnetzagentur.de/_tools/SVG/js2/_functions/csv_export.html?view=renderCSV&id=870304,https://www.bundesnetzagentur.de/_tools/SVG/js2/_functions/csv_export.html?view=renderCSV&id=870306,30,20.0,2026-03-18,21.85,-0.69,-0.036333,0.22,0.264,,,0.22,,,-0.036333,2026-05-07,50.917,-0.69,2026-03-20,2.681,-0.828,2026-03-20,2.234
2026-03-21T09:07:55.670397+00:00,2026-03-21,network,https://www.bundesnetzagentur.de/_tools/SVG/js2/_functions/csv_export.html?view=renderCSV&id=870304,https://www.bundesnetzagentur.de/_tools/SVG/js2/_functions/csv_export.html?view=renderCSV&id=870306,30,20.0,2026-03-19,21.86,-0.69,-0.014667,0.22,0.264,,,0.22,,,-0.014667,2026-07-23,126.818,-0.69,2026-03-21,2.696,-0.828,2026-03-21,2.246
2026-03-22T09:08:13.149104+00:00,2026-03-22,network,https://www.bundesnetzagentur.de/_tools/SVG/js2/_functions/csv_export.html?view=renderCSV&id=870304,https://www.bundesnetzagentur.de/_tools/SVG/js2/_functions/csv_export.html?view=renderCSV&id=870306,30,20.0,2026-03-20,21.89,-0.57,0.009333,0.22,0.264,,,0.22,,,0.009333,,,-0.57,2026-03-23,3.316,-0.684,2026-03-22,2.763
2026-03-23T09:20:47.979853+00:00,2026-03-23,network,https://www.bundesnetzagentur.de/_tools/SVG/js2/_functions/csv_export.html?view=renderCSV&id=870304,https://www.bundesnetzagentur.de/_tools/SVG/js2/_functions/csv_export.html?view=renderCSV&id=870306,30,20.0,2026-03-21,21.98,-0.42,0.031333,0.22,0.264,,,0.22,,,0.031333,,,-0.42,2026-03-25,4.714,-0.504,2026-03-24,3.929
2026-03-24T09:17:59.520068+00:00,2026-03-24,network,https://www.bundesnetzagentur.de/_tools/SVG/js2/_functions/csv_export.html?view=renderCSV&id=870304,https://www.bundesnetzagentur.de/_tools/SVG/js2/_functions/csv_export.html?view=renderCSV&id=870306,30,20.0,2026-03-22,22.12,-0.15,0.05,0.22,0.264,,,0.22,,,0.05,,,-0.15,2026-04-05,14.133,-0.18,2026-04-02,11.778
2026-03-25T09:17:32.037814+00:00,2026-03-25,network,https://www.bundesnetzagentur.de/_tools/SVG/js2/_functions/csv_export.html?view=renderCSV&id=870304,https://www.bundesnetzagentur.de/_tools/SVG/js2/_functions/csv_export.html?view=renderCSV&id=870306,30,20.0,2026-03-22,22.12,-0.15,0.05,0.22,0.264,,,0.22,,,0.05,,,-0.15,2026-04-05,14.133,-0.18,2026-04-02,11.778
2026-03-26T09:20:39.156015+00:00,2026-03-26,network,https://www.bundesnetzagentur.de/_tools/SVG/js2/_functions/csv_export.html?view=renderCSV&id=870304,https://www.bundesnetzagentur.de/_tools/SVG/js2/_functions/csv_export.html?view=renderCSV&id=870306,30,20.0,2026-03-24,22.29,-0.15,0.052667,0.22,0.264,,,0.22,,,0.052667,,,-0.15,2026-04-08,15.267,-0.18,2026-04-05,12.722
2026-03-27T09:17:24.425157+00:00,2026-03-27,network,https://www.bundesnetzagentur.de/_tools/SVG/js2/_functions/csv_export.html?view=renderCSV&id=870304,https://www.bundesnetzagentur.de/_tools/SVG/js2/_functions/csv_export.html?view=renderCSV&id=870306,30,20.0,2026-03-25,22.38,-0.15,0.057333,0.22,0.264,,,0.22,,,0.057333,,,-0.15,2026-04-09,15.867,-0.18,2026-04-07,13.222
2026-03-28T09:10:59.061963+00:00,2026-03-28,network,https://www.bundesnetzagentur.de/_tools/SVG/js2/_functions/csv_export.html?view=renderCSV&id=870304,https://www.bundesnetzagentur.de/_tools/SVG/js2/_functions/csv_export.html?view=renderCSV&id=870306,30,20.0,2026-03-26,22.29,-0.1,0.059333,0.22,0.264,,,0.22,,,0.059333,,,-0.1,2026-04-17,22.9,-0.12,2026-04-14,19.083
2026-03-29T09:11:36.380079+00:00,2026-03-29,network,https://www.bundesnetzagentur.de/_tools/SVG/js2/_functions/csv_export.html?view=renderCSV&id=870304,https://www.bundesnetzagentur.de/_tools/SVG/js2/_functions/csv_export.html?view=renderCSV&id=870306,30,20.0,2026-03-27,22.23,-0.1,0.059,0.22,0.264,,,0.22,,,0.059,,,-0.1,2026-04-18,22.3,-0.12,2026-04-14,18.583
2026-03-30T09:29:57.013171+00:00,2026-03-30,network,https://www.bundesnetzagentur.de/_tools/SVG/js2/_functions/csv_export.html?view=renderCSV&id=870304,https://www.bundesnetzagentur.de/_tools/SVG/js2/_functions/csv_export.html?view=renderCSV&id=870306,30,20.0,2026-03-28,22.22,-0.1,0.057667,0.22,0.264,,,0.22,,,0.057667,,,-0.1,2026-04-19,22.2,-0.12,2026-04-15,18.5
2026-03-31T09:23:32.195297+00:00,2026-03-31,network,https://www.bundesnetzagentur.de/_tools/SVG/js2/_functions/csv_export.html?view=renderCSV&id=870304,https://www.bundesnetzagentur.de/_tools/SVG/js2/_functions/csv_export.html?view=renderCSV&id=870306,30,20.0,2026-03-29,22.23,-0.1,0.055,0.22,0.264,,,0.22,,,0.055,,,-0.1,2026-04-20,22.3,-0.12,2026-04-16,18.583
2026-04-01T09:25:39.676104+00:00,2026-04-01,network,https://www.bundesnetzagentur.de/_tools/SVG/js2/_functions/csv_export.html?view=renderCSV&id=870304,https://www.bundesnetzagentur.de/_tools/SVG/js2/_functions/csv_export.html?view=renderCSV&id=870306,30,20.0,2026-03-30,22.18,-0.1,0.048333,0.22,0.264,,,0.22,,,0.048333,,,-0.1,2026-04-20,21.8,-0.12,2026-04-17,18.167
2026-04-02T09:21:44.479342+00:00,2026-04-02,network,https://www.bundesnetzagentur.de/_tools/SVG/js2/_functions/csv_export.html?view=renderCSV&id=870304,https://www.bundesnetzagentur.de/_tools/SVG/js2/_functions/csv_export.html?view=renderCSV&id=870306,30,20.0,2026-03-31,22.27,-0.1,0.048333,0.22,0.264,,,0.22,,,0.048333,,,-0.1,2026-04-22,22.7,-0.12,2026-04-18,18.917
2026-04-03T09:18:57.166137+00:00,2026-04-03,network,https://www.bundesnetzagentur.de/_tools/SVG/js2/_functions/csv_export.html?view=renderCSV&id=870304,https://www.bundesnetzagentur.de/_tools/SVG/js2/_functions/csv_export.html?view=renderCSV&id=870306,30,20.0,2026-04-01,21.9,-0.31,0.033667,0.22,0.264,,,0.22,,,0.033667,,,-0.31,2026-04-07,6.129,-0.372,2026-04-06,5.108
2026-04-04T09:13:05.484806+00:00,2026-04-04,network,https://www.bundesnetzagentur.de/_tools/SVG/js2/_functions/csv_export.html?view=renderCSV&id=870304,https://www.bundesnetzagentur.de/_tools/SVG/js2/_functions/csv_export.html?view=renderCSV&id=870306,30,20.0,2026-04-02,21.88,-0.31,0.034667,0.22,0.264,,,0.22,,,0.034667,,,-0.31,2026-04-08,6.065,-0.372,2026-04-07,5.054
2026-04-05T09:13:39.033729+00:00,2026-04-05,network,https://www.bundesnetzagentur.de/_tools/SVG/js2/_functions/csv_export.html?view=renderCSV&id=870304,https://www.bundesnetzagentur.de/_tools/SVG/js2/_functions/csv_export.html?view=renderCSV&id=870306,30,20.0,2026-04-03,21.97,-0.31,0.039667,0.22,0.264,,,0.22,,,0.039667,,,-0.31,2026-04-09,6.355,-0.372,2026-04-08,5.296
2026-04-06T09:27:33.284633+00:00,2026-04-06,network,https://www.bundesnetzagentur.de/_tools/SVG/js2/_functions/csv_export.html?view=renderCSV&id=870304,https://www.bundesnetzagentur.de/_tools/SVG/js2/_functions/csv_export.html?view=renderCSV&id=870306,30,20.0,2026-04-04,22.27,-0.31,0.046,0.3,0.36,,,0.3,,,0.046,,,-0.31,2026-04-11,7.323,-0.372,2026-04-10,6.102
2026-04-07T09:24:25.462464+00:00,2026-04-07,network,https://www.bundesnetzagentur.de/_tools/SVG/js2/_functions/csv_export.html?view=renderCSV&id=870304,https://www.bundesnetzagentur.de/_tools/SVG/js2/_functions/csv_export.html?view=renderCSV&id=870306,30,20.0,2026-04-04,22.27,-0.31,0.046,0.3,0.36,,,0.3,,,0.046,,,-0.31,2026-04-11,7.323,-0.372,2026-04-10,6.102
2026-04-08T09:23:59.867206+00:00,2026-04-08,network,https://www.bundesnetzagentur.de/_tools/SVG/js2/_functions/csv_export.html?view=renderCSV&id=870304,https://www.bundesnetzagentur.de/_tools/SVG/js2/_functions/csv_export.html?view=renderCSV&id=870306,30,20.0,2026-04-06,22.76,-0.31,0.053333,0.3,0.36,,,0.3,,,0.053333,,,-0.31,2026-04-14,8.903,-0.372,2026-04-13,7.419
2026-04-09T09:27:34.450917+00:00,2026-04-09,network,https://www.bundesnetzagentur.de/_tools/SVG/js2/_functions/csv_export.html?view=renderCSV&id=870304,https://www.bundesnetzagentur.de/_tools/SVG/js2/_functions/csv_export.html?view=renderCSV&id=870306,30,20.0,2026-04-07,22.85,-0.31,0.049,0.3,0.36,,,0.3,,,0.049,,,-0.31,2026-04-16,9.194,-0.372,2026-04-14,7.661
2026-04-10T09:27:05.470525+00:00,2026-04-10,network,https://www.bundesnetzagentur.de/_tools/SVG/js2/_functions/csv_export.html?view=renderCSV&id=870304,https://www.bundesnetzagentur.de/_tools/SVG/js2/_functions/csv_export.html?view=renderCSV&id=870306,30,20.0,2026-04-08,23.04,-0.31,0.051,0.32,0.384,,,0.32,,,0.051,,,-0.31,2026-04-17,9.806,-0.372,2026-04-16,8.172
2026-04-11T09:13:48.586463+00:00,2026-04-11,network,https://www.bundesnetzagentur.de/_tools/SVG/js2/_functions/csv_export.html?view=renderCSV&id=870304,https://www.bundesnetzagentur.de/_tools/SVG/js2/_functions/csv_export.html?view=renderCSV&id=870306,30,20.0,2026-04-09,23.15,-0.31,0.050333,0.32,0.384,,,0.32,,,0.050333,,,-0.31,2026-04-19,10.161,-0.372,2026-04-17,8.468
2026-04-12T09:16:02.437978+00:00,2026-04-12,network,https://www.bundesnetzagentur.de/_tools/SVG/js2/_functions/csv_export.html?view=renderCSV&id=870304,https://www.bundesnetzagentur.de/_tools/SVG/js2/_functions/csv_export.html?view=renderCSV&id=870306,30,20.0,2026-04-10,23.17,-0.31,0.045,0.32,0.384,,,0.32,,,0.045,,,-0.31,2026-04-20,10.226,-0.372,2026-04-18,8.522
2026-04-13T09:35:09.672620+00:00,2026-04-13,network,https://www.bundesnetzagentur.de/_tools/SVG/js2/_functions/csv_export.html?view=renderCSV&id=870304,https://www.bundesnetzagentur.de/_tools/SVG/js2/_functions/csv_export.html?view=renderCSV&id=870306,30,20.0,2026-04-11,23.32,-0.31,0.046333,0.32,0.384,,,0.32,,,0.046333,,,-0.31,2026-04-21,10.71,-0.372,2026-04-19,8.925
2026-04-14T09:31:26.885541+00:00,2026-04-14,network,https://www.bundesnetzagentur.de/_tools/SVG/js2/_functions/csv_export.html?view=renderCSV&id=870304,https://www.bundesnetzagentur.de/_tools/SVG/js2/_functions/csv_export.html?view=renderCSV&id=870306,30,20.0,2026-04-12,23.45,-0.31,0.049,0.32,0.384,,,0.32,,,0.049,,,-0.31,2026-04-23,11.129,-0.372,2026-04-21,9.274
2026-04-15T09:31:41.227382+00:00,2026-04-15,network,https://www.bundesnetzagentur.de/_tools/SVG/js2/_functions/csv_export.html?view=renderCSV&id=870304,https://www.bundesnetzagentur.de/_tools/SVG/js2/_functions/csv_export.html?view=renderCSV&id=870306,30,20.0,2026-04-13,23.27,-0.31,0.044,0.32,0.384,,,0.32,,,0.044,,,-0.31,2026-04-23,10.548,-0.372,2026-04-21,8.79
2026-04-16T09:31:17.485604+00:00,2026-04-16,network,https://www.bundesnetzagentur.de/_tools/SVG/js2/_functions/csv_export.html?view=renderCSV&id=870304,https://www.bundesnetzagentur.de/_tools/SVG/js2/_functions/csv_export.html?view=renderCSV&id=870306,30,20.0,2026-04-14,23.13,-0.31,0.038333,0.32,0.384,,,0.32,,,0.038333,,,-0.31,2026-04-24,10.097,-0.372,2026-04-22,8.414
2026-04-17T09:31:17.917807+00:00,2026-04-17,network,https://www.bundesnetzagentur.de/_tools/SVG/js2/_functions/csv_export.html?view=renderCSV&id=870304,https://www.bundesnetzagentur.de/_tools/SVG/js2/_functions/csv_export.html?view=renderCSV&id=870306,30,20.0,2026-04-15,22.99,-0.38,0.035,0.32,0.384,,,0.32,,,0.035,,,-0.38,2026-04-22,7.868,-0.456,2026-04-21,6.557
2026-04-18T09:16:21.586152+00:00,2026-04-18,network,https://www.bundesnetzagentur.de/_tools/SVG/js2/_functions/csv_export.html?view=renderCSV&id=870304,https://www.bundesnetzagentur.de/_tools/SVG/js2/_functions/csv_export.html?view=renderCSV&id=870306,30,20.0,2026-04-16,23.06,-0.38,0.040667,0.32,0.384,,,0.32,,,0.040667,,,-0.38,2026-04-24,8.053,-0.456,2026-04-22,6.711
2026-04-19T09:16:42.181237+00:00,2026-04-19,network,https://www.bundesnetzagentur.de/_tools/SVG/js2/_functions/csv_export.html?view=renderCSV&id=870304,https://www.bundesnetzagentur.de/_tools/SVG/js2/_functions/csv_export.html?view=renderCSV&id=870306,30,20.0,2026-04-17,23.24,-0.38,0.046333,0.32,0.384,,,0.32,,,0.046333,,,-0.38,2026-04-25,8.526,-0.456,2026-04-24,7.105
2026-04-20T09:34:57.555789+00:00,2026-04-20,network,https://www.bundesnetzagentur.de/_tools/SVG/js2/_functions/csv_export.html?view=renderCSV&id=870304,https://www.bundesnetzagentur.de/_tools/SVG/js2/_functions/csv_export.html?view=renderCSV&id=870306,30,20.0,2026-04-18,23.54,-0.38,0.055667,0.32,0.384,,,0.32,,,0.055667,,,-0.38,2026-04-27,9.316,-0.456,2026-04-25,7.763
2026-04-21T09:32:15.154363+00:00,2026-04-21,network,https://www.bundesnetzagentur.de/_tools/SVG/js2/_functions/csv_export.html?view=renderCSV&id=870304,https://www.bundesnetzagentur.de/_tools/SVG/js2/_functions/csv_export.html?view=renderCSV&id=870306,30,20.0,2026-04-19,23.79,-0.38,0.063333,0.32,0.384,,,0.32,,,0.063333,,,-0.38,2026-04-28,9.974,-0.456,2026-04-27,8.311
2026-04-22T09:31:24.853664+00:00,2026-04-22,network,https://www.bundesnetzagentur.de/_tools/SVG/js2/_functions/csv_export.html?view=renderCSV&id=870304,https://www.bundesnetzagentur.de/_tools/SVG/js2/_functions/csv_export.html?view=renderCSV&id=870306,30,20.0,2026-04-20,23.84,-0.38,0.062,0.32,0.384,,,0.32,,,0.062,,,-0.38,2026-04-30,10.105,-0.456,2026-04-28,8.421
2026-04-23T09:33:04.165737+00:00,2026-04-23,network,https://www.bundesnetzagentur.de/_tools/SVG/js2/_functions/csv_export.html?view=renderCSV&id=870304,https://www.bundesnetzagentur.de/_tools/SVG/js2/_functions/csv_export.html?view=renderCSV&id=870306,30,20.0,2026-04-21,23.82,-0.38,0.057,0.32,0.384,,,0.32,,,0.057,,,-0.38,2026-05-01,10.053,-0.456,2026-04-29,8.377
2026-04-24T09:32:59.772458+00:00,2026-04-24,network,https://www.bundesnetzagentur.de/_tools/SVG/js2/_functions/csv_export.html?view=renderCSV&id=870304,https://www.bundesnetzagentur.de/_tools/SVG/js2/_functions/csv_export.html?view=renderCSV&id=870306,30,20.0,2026-04-22,23.84,-0.38,0.055667,0.32,0.384,,,0.32,,,0.055667,,,-0.38,2026-05-02,10.105,-0.456,2026-04-30,8.421
2026-04-25T09:18:17.310594+00:00,2026-04-25,network,https://www.bundesnetzagentur.de/_tools/SVG/js2/_functions/csv_export.html?view=renderCSV&id=870304,https://www.bundesnetzagentur.de/_tools/SVG/js2/_functions/csv_export.html?view=renderCSV&id=870306,30,20.0,2026-04-23,23.88,-0.38,0.052667,0.32,0.384,,,0.32,,,0.052667,,,-0.38,2026-05-03,10.211,-0.456,2026-05-01,8.509
2026-04-26T09:19:36.916543+00:00,2026-04-26,network,https://www.bundesnetzagentur.de/_tools/SVG/js2/_functions/csv_export.html?view=renderCSV&id=870304,https://www.bundesnetzagentur.de/_tools/SVG/js2/_functions/csv_export.html?view=renderCSV&id=870306,30,20.0,2026-04-24,24.09,-0.38,0.057333,0.32,0.384,,,0.32,,,0.057333,,,-0.38,2026-05-04,10.763,-0.456,2026-05-02,8.969
2026-04-27T09:44:56.651519+00:00,2026-04-27,network,https://www.bundesnetzagentur.de/_tools/SVG/js2/_functions/csv_export.html?view=renderCSV&id=870304,https://www.bundesnetzagentur.de/_tools/SVG/js2/_functions/csv_export.html?view=renderCSV&id=870306,30,20.0,2026-04-25,24.38,-0.38,0.07,0.32,0.384,,,0.32,,,0.07,,,-0.38,2026-05-06,11.526,-0.456,2026-05-04,9.605
2026-04-28T09:46:12.182910+00:00,2026-04-28,network,https://www.bundesnetzagentur.de/_tools/SVG/js2/_functions/csv_export.html?view=renderCSV&id=870304,https://www.bundesnetzagentur.de/_tools/SVG/js2/_functions/csv_export.html?view=renderCSV&id=870306,30,20.0,2026-04-26,24.67,-0.38,0.081667,0.32,0.384,,,0.32,,,0.081667,,,-0.38,2026-05-08,12.289,-0.456,2026-05-06,10.241
2026-04-29T09:40:59.886598+00:00,2026-04-29,network,https://www.bundesnetzagentur.de/_tools/SVG/js2/_functions/csv_export.html?view=renderCSV&id=870304,https://www.bundesnetzagentur.de/_tools/SVG/js2/_functions/csv_export.html?view=renderCSV&id=870306,30,20.0,2026-04-27,24.84,-0.38,0.087667,0.32,0.384,,,0.32,,,0.087667,,,-0.38,2026-05-09,12.737,-0.456,2026-05-07,10.614
2026-04-30T09:41:17.530351+00:00,2026-04-30,network,https://www.bundesnetzagentur.de/_tools/SVG/js2/_functions/csv_export.html?view=renderCSV&id=870304,https://www.bundesnetzagentur.de/_tools/SVG/js2/_functions/csv_export.html?view=renderCSV&id=870306,30,20.0,2026-04-28,25.14,-0.38,0.097,0.32,0.384,,,0.32,,,0.097,,,-0.38,2026-05-11,13.526,-0.456,2026-05-09,11.272
2026-05-01T09:32:52.877256+00:00,2026-05-01,network,https://www.bundesnetzagentur.de/_tools/SVG/js2/_functions/csv_export.html?view=renderCSV&id=870304,https://www.bundesnetzagentur.de/_tools/SVG/js2/_functions/csv_export.html?view=renderCSV&id=870306,30,20.0,2026-04-29,25.43,-0.38,0.108667,0.32,0.384,,,0.32,,,0.108667,,,-0.38,2026-05-13,14.289,-0.456,2026-05-10,11.908
2026-05-02T09:24:41.930939+00:00,2026-05-02,network,https://www.bundesnetzagentur.de/_tools/SVG/js2/_functions/csv_export.html?view=renderCSV&id=870304,https://www.bundesnetzagentur.de/_tools/SVG/js2/_functions/csv_export.html?view=renderCSV&id=870306,30,20.0,2026-04-30,25.71,-0.38,0.116667,0.32,0.384,,,0.32,,,0.116667,,,-0.38,2026-05-15,15.026,-0.456,2026-05-12,12.522
2026-05-03T09:30:06.897128+00:00,2026-05-03,network,https://www.bundesnetzagentur.de/_tools/SVG/js2/_functions/csv_export.html?view=renderCSV&id=870304,https://www.bundesnetzagentur.de/_tools/SVG/js2/_functions/csv_export.html?view=renderCSV&id=870306,30,20.0,2026-05-01,26.12,-0.19,0.143,0.41,0.492,,,0.41,,,0.143,,,-0.19,2026-06-02,32.211,-0.228,2026-05-27,26.842
2026-05-04T09:44:01.597133+00:00,2026-05-04,network,https://www.bundesnetzagentur.de/_tools/SVG/js2/_functions/csv_export.html?view=renderCSV&id=870304,https://www.bundesnetzagentur.de/_tools/SVG/js2/_functions/csv_export.html?view=renderCSV&id=870306,30,20.0,2026-05-02,26.51,-0.19,0.156667,0.41,0.492,,,0.41,,,0.156667,,,-0.19,2026-06-05,34.263,-0.228,2026-05-30,28.553
2026-05-05T09:36:05.376899+00:00,2026-05-05,network,https://www.bundesnetzagentur.de/_tools/SVG/js2/_functions/csv_export.html?view=renderCSV&id=870304,https://www.bundesnetzagentur.de/_tools/SVG/js2/_functions/csv_export.html?view=renderCSV&id=870306,30,20.0,2026-05-03,26.91,-0.19,0.167333,0.41,0.492,,,0.41,,,0.167333,,,-0.19,2026-06-08,36.368,-0.228,2026-06-02,30.307
2026-05-06T09:46:40.848332+00:00,2026-05-06,network,https://www.bundesnetzagentur.de/_tools/SVG/js2/_functions/csv_export.html?view=renderCSV&id=870304,https://www.bundesnetzagentur.de/_tools/SVG/js2/_functions/csv_export.html?view=renderCSV&id=870306,30,20.0,2026-05-04,27.16,-0.19,0.166,0.41,0.492,,,0.41,,,0.166,,,-0.19,2026-06-10,37.684,-0.228,2026-06-04,31.404
2026-05-07T09:51:01.328116+00:00,2026-05-07,network,https://www.bundesnetzagentur.de/_tools/SVG/js2/_functions/csv_export.html?view=renderCSV&id=870304,https://www.bundesnetzagentur.de/_tools/SVG/js2/_functions/csv_export.html?view=renderCSV&id=870306,30,20.0,2026-05-05,27.2,-0.19,0.156667,0.41,0.492,,,0.41,,,0.156667,,,-0.19,2026-06-11,37.895,-0.228,2026-06-05,31.579
2026-05-08T09:32:00.448869+00:00,2026-05-08,network,https://www.bundesnetzagentur.de/_tools/SVG/js2/_functions/csv_export.html?view=renderCSV&id=870304,https://www.bundesnetzagentur.de/_tools/SVG/js2/_functions/csv_export.html?view=renderCSV&id=870306,30,20.0,2026-05-06,26.62,-0.58,0.130333,0.41,0.492,,,0.41,,,0.130333,,,-0.58,2026-05-17,11.414,-0.696,2026-05-15,9.511
2026-05-09T09:30:21.451442+00:00,2026-05-09,network,https://www.bundesnetzagentur.de/_tools/SVG/js2/_functions/csv_export.html?view=renderCSV&id=870304,https://www.bundesnetzagentur.de/_tools/SVG/js2/_functions/csv_export.html?view=renderCSV&id=870306,30,20.0,2026-05-07,27.22,-0.58,0.147,0.6,0.72,,,0.6,,,0.147,,,-0.58,2026-05-19,12.448,-0.696,2026-05-17,10.374
2026-05-10T09:31:19.986240+00:00,2026-05-10,network,https://www.bundesnetzagentur.de/_tools/SVG/js2/_functions/csv_export.html?view=renderCSV&id=870304,https://www.bundesnetzagentur.de/_tools/SVG/js2/_functions/csv_export.html?view=renderCSV&id=870306,30,20.0,2026-05-08,27.32,-0.58,0.145,0.6,0.72,,,0.6,,,0.145,,,-0.58,2026-05-20,12.621,-0.696,2026-05-18,10.517
2026-05-11T10:13:26.669119+00:00,2026-05-11,network,https://www.bundesnetzagentur.de/_tools/SVG/js2/_functions/csv_export.html?view=renderCSV&id=870304,https://www.bundesnetzagentur.de/_tools/SVG/js2/_functions/csv_export.html?view=renderCSV&id=870306,30,20.0,2026-05-09,27.59,-0.58,0.150667,0.6,0.72,,,0.6,,,0.150667,,,-0.58,2026-05-22,13.086,-0.696,2026-05-19,10.905
2026-05-12T09:53:31.910950+00:00,2026-05-12,network,https://www.bundesnetzagentur.de/_tools/SVG/js2/_functions/csv_export.html?view=renderCSV&id=870304,https://www.bundesnetzagentur.de/_tools/SVG/js2/_functions/csv_export.html?view=renderCSV&id=870306,30,20.0,2026-05-10,27.91,-0.19,0.160667,0.41,0.492,,,0.41,,,0.160667,,,-0.19,2026-06-20,41.632,-0.228,2026-06-13,34.693
2026-05-13T09:54:04.720749+00:00,2026-05-13,network,https://www.bundesnetzagentur.de/_tools/SVG/js2/_functions/csv_export.html?view=renderCSV&id=870304,https://www.bundesnetzagentur.de/_tools/SVG/js2/_functions/csv_export.html?view=renderCSV&id=870306,30,20.0,2026-05-11,28.05,-0.19,0.16,0.41,0.492,,,0.41,,,0.16,,,-0.19,2026-06-22,42.368,-0.228,2026-06-15,35.307
2026-05-14T09:47:44.085587+00:00,2026-05-14,network,https://www.bundesnetzagentur.de/_tools/SVG/js2/_functions/csv_export.html?view=renderCSV&id=870304,https://www.bundesnetzagentur.de/_tools/SVG/js2/_functions/csv_export.html?view=renderCSV&id=870306,30,20.0,2026-05-12,28.08,-0.19,0.156667,0.41,0.492,,,0.41,,,0.156667,,,-0.19,2026-06-23,42.526,-0.228,2026-06-16,35.439
2026-05-15T09:53:58.413665+00:00,2026-05-15,network,https://www.bundesnetzagentur.de/_tools/SVG/js2/_functions/csv_export.html?view=renderCSV&id=870304,https://www.bundesnetzagentur.de/_tools/SVG/js2/_functions/csv_export.html?view=renderCSV&id=870306,30,20.0,2026-05-13,28.03,-0.14,0.161333,0.41,0.492,,,0.41,,,0.161333,,,-0.14,2026-07-09,57.357,-0.168,2026-06-29,47.798
2026-05-16T09:31:36.009407+00:00,2026-05-16,network,https://www.bundesnetzagentur.de/_tools/SVG/js2/_functions/csv_export.html?view=renderCSV&id=870304,https://www.bundesnetzagentur.de/_tools/SVG/js2/_functions/csv_export.html?view=renderCSV&id=870306,30,20.0,2026-05-14,28.05,-0.06,0.166667,0.41,0.492,,,0.41,,,0.166667,,,-0.06,2026-09-25,134.167,-0.072,2026-09-02,111.806
2026-05-17T09:33:33.352777+00:00,2026-05-17,network,https://www.bundesnetzagentur.de/_tools/SVG/js2/_functions/csv_export.html?view=renderCSV&id=870304,https://www.bundesnetzagentur.de/_tools/SVG/js2/_functions/csv_export.html?view=renderCSV&id=870306,30,20.0,2026-05-15,28.12,-0.05,0.171,0.41,0.492,,,0.41,,,0.171,,,-0.05,2026-10-24,162.4,-0.06,2026-09-27,135.333
2026-05-18T10:27:31.872943+00:00,2026-05-18,network,https://www.bundesnetzagentur.de/_tools/SVG/js2/_functions/csv_export.html?view=renderCSV&id=870304,https://www.bundesnetzagentur.de/_tools/SVG/js2/_functions/csv_export.html?view=renderCSV&id=870306,30,20.0,2026-05-16,28.23,-0.05,0.172333,0.41,0.492,,,0.41,,,0.172333,,,-0.05,2026-10-27,164.6,-0.06,2026-09-30,137.167
2026-05-19T10:16:45.858377+00:00,2026-05-19,network,https://www.bundesnetzagentur.de/_tools/SVG/js2/_functions/csv_export.html?view=renderCSV&id=870304,https://www.bundesnetzagentur.de/_tools/SVG/js2/_functions/csv_export.html?view=renderCSV&id=870306,30,20.0,2026-05-17,28.4,-0.05,0.172,0.41,0.492,,,0.41,,,0.172,,,-0.05,2026-11-01,168.0,-0.06,2026-10-04,140.0
2026-05-20T10:07:36.969781+00:00,2026-05-20,network,https://www.bundesnetzagentur.de/_tools/SVG/js2/_functions/csv_export.html?view=renderCSV&id=870304,https://www.bundesnetzagentur.de/_tools/SVG/js2/_functions/csv_export.html?view=renderCSV&id=870306,30,20.0,2026-05-18,28.46,-0.05,0.164,0.41,0.492,,,0.41,,,0.164,,,-0.05,2026-11-03,169.2,-0.06,2026-10-06,141.0
2026-05-21T10:14:53.117880+00:00,2026-05-21,network,https://www.bundesnetzagentur.de/_tools/SVG/js2/_functions/csv_export.html?view=renderCSV&id=870304,https://www.bundesnetzagentur.de/_tools/SVG/js2/_functions/csv_export.html?view=renderCSV&id=870306,30,20.0,2026-05-19,28.5,-0.05,0.157,0.41,0.492,,,0.41,,,0.157,,,-0.05,2026-11-05,170.0,-0.06,2026-10-07,141.667
2026-05-22T10:04:45.442678+00:00,2026-05-22,network,https://www.bundesnetzagentur.de/_tools/SVG/js2/_functions/csv_export.html?view=renderCSV&id=870304,https://www.bundesnetzagentur.de/_tools/SVG/js2/_functions/csv_export.html?view=renderCSV&id=870306,30,20.0,2026-05-20,28.48,-0.05,0.154667,0.41,0.492,,,0.41,,,0.154667,,,-0.05,2026-11-05,169.6,-0.06,2026-10-08,141.333
2026-05-23T09:33:47.612066+00:00,2026-05-23,network,https://www.bundesnetzagentur.de/_tools/SVG/js2/_functions/csv_export.html?view=renderCSV&id=870304,https://www.bundesnetzagentur.de/_tools/SVG/js2/_functions/csv_export.html?view=renderCSV&id=870306,30,20.0,2026-05-21,28.61,-0.05,0.159667,0.41,0.492,,,0.41,,,0.159667,,,-0.05,2026-11-09,172.2,-0.06,2026-10-11,143.5
2026-05-24T09:36:19.906148+00:00,2026-05-24,network,https://www.bundesnetzagentur.de/_tools/SVG/js2/_functions/csv_export.html?view=renderCSV&id=870304,https://www.bundesnetzagentur.de/_tools/SVG/js2/_functions/csv_export.html?view=renderCSV&id=870306,30,20.0,2026-05-22,28.86,-0.05,0.167333,0.41,0.492,,,0.41,,,0.167333,,,-0.05,2026-11-15,177.2,-0.06,2026-10-16,147.667
2026-05-25T10:31:01.627483+00:00,2026-05-25,network,https://www.bundesnetzagentur.de/_tools/SVG/js2/_functions/csv_export.html?view=renderCSV&id=870304,https://www.bundesnetzagentur.de/_tools/SVG/js2/_functions/csv_export.html?view=renderCSV&id=870306,30,20.0,2026-05-23,29.33,-0.05,0.181667,0.47,0.564,,,0.47,,,0.181667,,,-0.05,2026-11-25,186.6,-0.06,2026-10-25,155.5
2026-05-26T10:23:21.418527+00:00,2026-05-26,network,https://www.bundesnetzagentur.de/_tools/SVG/js2/_functions/csv_export.html?view=renderCSV&id=870304,https://www.bundesnetzagentur.de/_tools/SVG/js2/_functions/csv_export.html?view=renderCSV&id=870306,30,20.0,2026-05-24,29.83,-0.05,0.191333,0.5,0.6,,,0.5,,,0.191333,,,-0.05,2026-12-06,196.6,-0.06,2026-11-03,163.833
2026-05-27T10:23:41.569602+00:00,2026-05-27,network,https://www.bundesnetzagentur.de/_tools/SVG/js2/_functions/csv_export.html?view=renderCSV&id=870304,https://www.bundesnetzagentur.de/_tools/SVG/js2/_functions/csv_export.html?view=renderCSV&id=870306,30,20.0,2026-05-25,30.26,-0.05,0.196,0.5,0.6,,,0.5,,,0.196,,,-0.05,2026-12-16,205.2,-0.06,2026-11-12,171.0
2026-05-28T10:26:53.777565+00:00,2026-05-28,network,https://www.bundesnetzagentur.de/_tools/SVG/js2/_functions/csv_export.html?view=renderCSV&id=870304,https://www.bundesnetzagentur.de/_tools/SVG/js2/_functions/csv_export.html?view=renderCSV&id=870306,30,20.0,2026-05-26,30.64,-0.05,0.199,0.51,0.612,,,0.51,,,0.199,,,-0.05,2026-12-24,212.8,-0.06,2026-11-19,177.333
2026-05-29T10:19:46.300307+00:00,2026-05-29,network,https://www.bundesnetzagentur.de/_tools/SVG/js2/_functions/csv_export.html?view=renderCSV&id=870304,https://www.bundesnetzagentur.de/_tools/SVG/js2/_functions/csv_export.html?view=renderCSV&id=870306,30,20.0,2026-05-27,31.0,-0.05,0.205333,0.51,0.612,,,0.51,,,0.205333,,,-0.05,2027-01-02,220.0,-0.06,2026-11-26,183.333
2026-05-30T09:36:39.996515+00:00,2026-05-30,network,https://www.bundesnetzagentur.de/_tools/SVG/js2/_functions/csv_export.html?view=renderCSV&id=870304,https://www.bundesnetzagentur.de/_tools/SVG/js2/_functions/csv_export.html?view=renderCSV&id=870306,30,20.0,2026-05-28,31.32,-0.05,0.206,0.51,0.612,,,0.51,,,0.206,,,-0.05,2027-01-09,226.4,-0.06,2026-12-02,188.667
2026-05-31T09:52:33.775470+00:00,2026-05-31,network,https://www.bundesnetzagentur.de/_tools/SVG/js2/_functions/csv_export.html?view=renderCSV&id=870304,https://www.bundesnetzagentur.de/_tools/SVG/js2/_functions/csv_export.html?view=renderCSV&id=870306,30,20.0,2026-05-29,31.73,-0.05,0.21,0.51,0.612,,,0.51,,,0.21,,,-0.05,2027-01-18,234.6,-0.06,2026-12-10,195.5
2026-06-01T10:43:16.611319+00:00,2026-06-01,network,https://www.bundesnetzagentur.de/_tools/SVG/js2/_functions/csv_export.html?view=renderCSV&id=870304,https://www.bundesnetzagentur.de/_tools/SVG/js2/_functions/csv_export.html?view=renderCSV&id=870306,30,20.0,2026-05-30,32.09,-0.05,0.212667,0.51,0.612,,,0.51,,,0.212667,,,-0.05,2027-01-26,241.8,-0.06,2026-12-17,201.5
2026-06-02T10:32:01.198584+00:00,2026-06-02,network,https://www.bundesnetzagentur.de/_tools/SVG/js2/_functions/csv_export.html?view=renderCSV&id=870304,https://www.bundesnetzagentur.de/_tools/SVG/js2/_functions/csv_export.html?view=renderCSV&id=870306,30,20.0,2026-05-30,32.09,-0.05,0.212667,0.51,0.612,,,0.51,,,0.212667,,,-0.05,2027-01-26,241.8,-0.06,2026-12-17,201.5
2026-06-03T10:33:37.278996+00:00,2026-06-03,network,https://www.bundesnetzagentur.de/_tools/SVG/js2/_functions/csv_export.html?view=renderCSV&id=870304,https://www.bundesnetzagentur.de/_tools/SVG/js2/_functions/csv_export.html?view=renderCSV&id=870306,30,20.0,2026-06-01,32.69,-0.05,0.205667,0.51,0.612,,,0.51,,,0.205667,,,-0.05,2027-02-09,253.8,-0.06,2026-12-29,211.5
2026-06-04T10:17:34.114721+00:00,2026-06-04,network,https://www.bundesnetzagentur.de/_tools/SVG/js2/_functions/csv_export.html?view=renderCSV&id=870304,https://www.bundesnetzagentur.de/_tools/SVG/js2/_functions/csv_export.html?view=renderCSV&id=870306,30,20.0,2026-06-02,33.0,-0.05,0.203,0.51,0.612,,,0.51,,,0.203,,,-0.05,2027-02-17,260.0,-0.06,2027-01-04,216.667
2026-06-05T10:21:05.336565+00:00,2026-06-05,network,https://www.bundesnetzagentur.de/_tools/SVG/js2/_functions/csv_export.html?view=renderCSV&id=870304,https://www.bundesnetzagentur.de/_tools/SVG/js2/_functions/csv_export.html?view=renderCSV&id=870306,30,20.0,2026-06-03,33.24,-0.05,0.202667,0.51,0.612,,,0.51,,,0.202667,,,-0.05,2027-02-22,264.8,-0.06,2027-01-09,220.667
2026-06-06T09:40:45.170290+00:00,2026-06-06,network,https://www.bundesnetzagentur.de/_tools/SVG/js2/_functions/csv_export.html?view=renderCSV&id=870304,https://www.bundesnetzagentur.de/_tools/SVG/js2/_functions/csv_export.html?view=renderCSV&id=870306,30,20.0,2026-06-04,33.63,-0.05,0.214333,0.51,0.612,,,0.51,,,0.214333,,,-0.05,2027-03-03,272.6,-0.06,2027-01-17,227.167
2026-06-07T10:00:11.884849+00:00,2026-06-07,network,https://www.bundesnetzagentur.de/_tools/SVG/js2/_functions/csv_export.html?view=renderCSV&id=870304,https://www.bundesnetzagentur.de/_tools/SVG/js2/_functions/csv_export.html?view=renderCSV&id=870306,30,20.0,2026-06-05,33.92,-0.05,0.222333,0.51,0.612,,,0.51,,,0.222333,,,-0.05,2027-03-10,278.4,-0.06,2027-01-23,232.0
2026-06-08T10:33:53.581197+00:00,2026-06-08,network,https://www.bundesnetzagentur.de/_tools/SVG/js2/_functions/csv_export.html?view=renderCSV&id=870304,https://www.bundesnetzagentur.de/_tools/SVG/js2/_functions/csv_export.html?view=renderCSV&id=870306,30,20.0,2026-06-06,34.32,-0.05,0.236667,0.51,0.612,,,0.51,,,0.236667,,,-0.05,2027-03-19,286.4,-0.06,2027-01-30,238.667
2026-06-09T10:13:45.446819+00:00,2026-06-09,network,https://www.bundesnetzagentur.de/_tools/SVG/js2/_functions/csv_export.html?view=renderCSV&id=870304,https://www.bundesnetzagentur.de/_tools/SVG/js2/_functions/csv_export.html?view=renderCSV&id=870306,30,20.0,2026-06-07,34.71,-0.05,0.246333,0.51,0.612,,,0.51,,,0.246333,,,-0.05,2027-03-28,294.2,-0.06,2027-02-07,245.167
2026-06-10T10:24:56.018938+00:00,2026-06-10,network,https://www.bundesnetzagentur.de/_tools/SVG/js2/_functions/csv_export.html?view=renderCSV&id=870304,https://www.bundesnetzagentur.de/_tools/SVG/js2/_functions/csv_export.html?view=renderCSV&id=870306,30,20.0,2026-06-08,35.0,-0.05,0.247,0.51,0.612,,,0.51,,,0.247,,,-0.05,2027-04-04,300.0,-0.06,2027-02-13,250.0
2026-06-11T10:31:20.180669+00:00,2026-06-11,network,https://www.bundesnetzagentur.de/_tools/SVG/js2/_functions/csv_export.html?view=renderCSV&id=870304,https://www.bundesnetzagentur.de/_tools/SVG/js2/_functions/csv_export.html?view=renderCSV&id=870306,30,20.0,2026-06-08,35.0,-0.05,0.247,0.51,0.612,,,0.51,,,0.247,,,-0.05,2027-04-04,300.0,-0.06,2027-02-13,250.0
2026-06-12T10:30:09.415797+00:00,2026-06-12,network,https://www.bundesnetzagentur.de/_tools/SVG/js2/_functions/csv_export.html?view=renderCSV&id=870304,https://www.bundesnetzagentur.de/_tools/SVG/js2/_functions/csv_export.html?view=renderCSV&id=870306,30,20.0,2026-06-10,35.48,-0.05,0.246333,0.51,0.612,,,0.51,,,0.246333,,,-0.05,2027-04-15,309.6,-0.06,2027-02-22,258.0
2026-06-13T09:59:42.438221+00:00,2026-06-13,network,https://www.bundesnetzagentur.de/_tools/SVG/js2/_functions/csv_export.html?view=renderCSV&id=870304,https://www.bundesnetzagentur.de/_tools/SVG/js2/_functions/csv_export.html?view=renderCSV&id=870306,30,20.0,2026-06-11,35.63,-0.05,0.252,0.51,0.612,,,0.51,,,0.252,,,-0.05,2027-04-19,312.6,-0.06,2027-02-26,260.5
2026-06-14T10:09:55.439192+00:00,2026-06-14,network,https://www.bundesnetzagentur.de/_tools/SVG/js2/_functions/csv_export.html?view=renderCSV&id=870304,https://www.bundesnetzagentur.de/_tools/SVG/js2/_functions/csv_export.html?view=renderCSV&id=870306,30,20.0,2026-06-12,35.87,-0.02,0.261667,0.51,0.612,,,0.51,,,0.261667,,,-0.02,2028-08-13,793.5,-0.024,2028-04-03,661.25
2026-06-15T11:01:59.693849+00:00,2026-06-15,network,https://www.bundesnetzagentur.de/_tools/SVG/js2/_functions/csv_export.html?view=renderCSV&id=870304,https://www.bundesnetzagentur.de/_tools/SVG/js2/_functions/csv_export.html?view=renderCSV&id=870306,30,20.0,2026-06-13,36.44,-0.02,0.279333,0.57,0.684,,,0.57,,,0.279333,,,-0.02,2028-09-11,822.0,-0.024,2028-04-27,685.0
2026-06-16T10:35:51.971493+00:00,2026-06-16,network,https://www.bundesnetzagentur.de/_tools/SVG/js2/_functions/csv_export.html?view=renderCSV&id=870304,https://www.bundesnetzagentur.de/_tools/SVG/js2/_functions/csv_export.html?view=renderCSV&id=870306,30,20.0,2026-06-14,36.82,-0.02,0.290333,0.58,0.696,,,0.58,,,0.290333,,,-0.02,2028-10-02,841.0,-0.024,2028-05-14,700.833
2026-06-17T10:32:37.201554+00:00,2026-06-17,network,https://www.bundesnetzagentur.de/_tools/SVG/js2/_functions/csv_export.html?view=renderCSV&id=870304,https://www.bundesnetzagentur.de/_tools/SVG/js2/_functions/csv_export.html?view=renderCSV&id=870306,30,20.0,2026-06-15,37.06,-0.02,0.294333,0.58,0.696,,,0.58,,,0.294333,,,-0.02,2028-10-15,853.0,-0.024,2028-05-25,710.833
2026-06-18T10:30:25.428327+00:00,2026-06-18,network,https://www.bundesnetzagentur.de/_tools/SVG/js2/_functions/csv_export.html?view=renderCSV&id=870304,https://www.bundesnetzagentur.de/_tools/SVG/js2/_functions/csv_export.html?view=renderCSV&id=870306,30,20.0,2026-06-16,37.25,-0.02,0.295,0.58,0.696,,,0.58,,,0.295,,,-0.02,2028-10-25,862.5,-0.024,2028-06-03,718.75
2026-06-19T10:30:42.434497+00:00,2026-06-19,network,https://www.bundesnetzagentur.de/_tools/SVG/js2/_functions/csv_export.html?view=renderCSV&id=870304,https://www.bundesnetzagentur.de/_tools/SVG/js2/_functions/csv_export.html?view=renderCSV&id=870306,30,20.0,2026-06-17,37.47,-0.02,0.300333,0.58,0.696,,,0.58,,,0.300333,,,-0.02,2028-11-06,873.5,-0.024,2028-06-13,727.917
2026-06-20T10:01:56.809403+00:00,2026-06-20,network,https://www.bundesnetzagentur.de/_tools/SVG/js2/_functions/csv_export.html?view=renderCSV&id=870304,https://www.bundesnetzagentur.de/_tools/SVG/js2/_functions/csv_export.html?view=renderCSV&id=870306,30,20.0,2026-06-18,37.71,-0.02,0.307,0.58,0.696,,,0.58,,,0.307,,,-0.02,2028-11-19,885.5,-0.024,2028-06-24,737.917
2026-06-21T10:14:00.234576+00:00,2026-06-21,network,https://www.bundesnetzagentur.de/_tools/SVG/js2/_functions/csv_export.html?view=renderCSV&id=870304,https://www.bundesnetzagentur.de/_tools/SVG/js2/_functions/csv_export.html?view=renderCSV&id=870306,30,20.0,2026-06-19,38.02,0.13,0.318,0.58,0.696,,,0.58,,,0.318,,,0.13,,,0.104,,
2026-06-22T10:52:35.493879+00:00,2026-06-22,network,https://www.bundesnetzagentur.de/_tools/SVG/js2/_functions/csv_export.html?view=renderCSV&id=870304,https://www.bundesnetzagentur.de/_tools/SVG/js2/_functions/csv_export.html?view=renderCSV&id=870306,30,20.0,2026-06-20,38.37,0.15,0.325333,0.58,0.696,,,0.58,,,0.325333,,,0.15,,,0.12,,
2026-06-23T10:14:55.044202+00:00,2026-06-23,network,https://www.bundesnetzagentur.de/_tools/SVG/js2/_functions/csv_export.html?view=renderCSV&id=870304,https://www.bundesnetzagentur.de/_tools/SVG/js2/_functions/csv_export.html?view=renderCSV&id=870306,30,20.0,2026-06-21,38.73,0.15,0.329,0.58,0.696,,,0.58,,,0.329,,,0.15,,,0.12,,
2026-06-24T10:04:33.036559+00:00,2026-06-24,network,https://www.bundesnetzagentur.de/_tools/SVG/js2/_functions/csv_export.html?view=renderCSV&id=870304,https://www.bundesnetzagentur.de/_tools/SVG/js2/_functions/csv_export.html?view=renderCSV&id=870306,30,20.0,2026-06-22,38.99,0.15,0.322,0.58,0.696,,,0.58,,,0.322,,,0.15,,,0.12,,
2026-06-25T10:03:27.292322+00:00,2026-06-25,network,https://www.bundesnetzagentur.de/_tools/SVG/js2/_functions/csv_export.html?view=renderCSV&id=870304,https://www.bundesnetzagentur.de/_tools/SVG/js2/_functions/csv_export.html?view=renderCSV&id=870306,30,20.0,2026-06-23,39.23,0.15,0.313,0.58,0.696,,,0.58,,,0.313,,,0.15,,,0.12,,
2026-06-26T10:04:36.569125+00:00,2026-06-26,network,https://www.bundesnetzagentur.de/_tools/SVG/js2/_functions/csv_export.html?view=renderCSV&id=870304,https://www.bundesnetzagentur.de/_tools/SVG/js2/_functions/csv_export.html?view=renderCSV&id=870306,30,20.0,2026-06-24,39.53,0.15,0.308667,0.58,0.696,,,0.58,,,0.308667,,,0.15,,,0.12,,
2026-06-27T09:42:27.439112+00:00,2026-06-27,network,https://www.bundesnetzagentur.de/_tools/SVG/js2/_functions/csv_export.html?view=renderCSV&id=870304,https://www.bundesnetzagentur.de/_tools/SVG/js2/_functions/csv_export.html?view=renderCSV&id=870306,30,20.0,2026-06-25,39.9,0.15,0.308667,0.58,0.696,,,0.58,,,0.308667,,,0.15,,,0.12,,
2026-06-28T09:59:43.829318+00:00,2026-06-28,network,https://www.bundesnetzagentur.de/_tools/SVG/js2/_functions/csv_export.html?view=renderCSV&id=870304,https://www.bundesnetzagentur.de/_tools/SVG/js2/_functions/csv_export.html?view=renderCSV&id=870306,30,20.0,2026-06-26,40.27,0.15,0.309,0.58,0.696,,,0.58,,,0.309,,,0.15,,,0.12,,
2026-06-29T10:34:08.355450+00:00,2026-06-29,network,https://www.bundesnetzagentur.de/_tools/SVG/js2/_functions/csv_export.html?view=renderCSV&id=870304,https://www.bundesnetzagentur.de/_tools/SVG/js2/_functions/csv_export.html?view=renderCSV&id=870306,30,20.0,2026-06-27,40.75,0.15,0.314333,0.58,0.696,,,0.58,,,0.314333,,,0.15,,,0.12,,
2026-06-30T10:12:41.746534+00:00,2026-06-30,network,https://www.bundesnetzagentur.de/_tools/SVG/js2/_functions/csv_export.html?view=renderCSV&id=870304,https://www.bundesnetzagentur.de/_tools/SVG/js2/_functions/csv_export.html?view=renderCSV&id=870306,30,20.0,2026-06-28,41.21,0.15,0.316,0.58,0.696,,,0.58,,,0.316,,,0.15,,,0.12,,
2026-07-01T10:20:52.176618+00:00,2026-07-01,network,https://www.bundesnetzagentur.de/_tools/SVG/js2/_functions/csv_export.html?view=renderCSV&id=870304,https://www.bundesnetzagentur.de/_tools/SVG/js2/_functions/csv_export.html?view=renderCSV&id=870306,30,20.0,2026-06-29,41.51,0.15,0.314,0.58,0.696,,,0.58,,,0.314,,,0.15,,,0.12,,
2026-07-02T10:01:37.236800+00:00,2026-07-02,network,https://www.bundesnetzagentur.de/_tools/SVG/js2/_functions/csv_export.html?view=renderCSV&id=870304,https://www.bundesnetzagentur.de/_tools/SVG/js2/_functions/csv_export.html?view=renderCSV&id=870306,30,20.0,2026-06-30,41.75,0.15,0.307667,0.58,0.696,,,0.58,,,0.307667,,,0.15,,,0.12,,
2026-07-04T10:49:52.823091+00:00,2026-07-04,network,https://www.bundesnetzagentur.de/_tools/SVG/js2/_functions/csv_export.html?view=renderCSV&id=870304,https://www.bundesnetzagentur.de/_tools/SVG/js2/_functions/csv_export.html?view=renderCSV&id=870306,30,20.0,2026-07-02,42.16,0.15,0.305333,0.58,0.696,,,0.58,,,0.305333,,,0.15,,,0.12,,
2026-07-05T10:59:22.595020+00:00,2026-07-05,network,https://www.bundesnetzagentur.de/_tools/SVG/js2/_functions/csv_export.html?view=renderCSV&id=870304,https://www.bundesnetzagentur.de/_tools/SVG/js2/_functions/csv_export.html?view=renderCSV&id=870306,30,20.0,2026-07-03,42.35,0.15,0.303667,0.58,0.696,,,0.58,,,0.303667,,,0.15,,,0.12,,
2026-07-06T12:38:48.716797+00:00,2026-07-06,network,https://www.bundesnetzagentur.de/_tools/SVG/js2/_functions/csv_export.html?view=renderCSV&id=870304,https://www.bundesnetzagentur.de/_tools/SVG/js2/_functions/csv_export.html?view=renderCSV&id=870306,30,20.0,2026-07-04,42.62,0.15,0.299667,0.58,0.696,,,0.58,,,0.299667,,,0.15,,,0.12,,
2026-07-07T11:39:41.494766+00:00,2026-07-07,network,https://www.bundesnetzagentur.de/_tools/SVG/js2/_functions/csv_export.html?view=renderCSV&id=870304,https://www.bundesnetzagentur.de/_tools/SVG/js2/_functions/csv_export.html?view=renderCSV&id=870306,30,20.0,2026-07-05,42.88,0.15,0.298667,0.58,0.696,,,0.58,,,0.298667,,,0.15,,,0.12,,
2026-07-08T10:56:11.826488+00:00,2026-07-08,network,https://www.bundesnetzagentur.de/_tools/SVG/js2/_functions/csv_export.html?view=renderCSV&id=870304,https://www.bundesnetzagentur.de/_tools/SVG/js2/_functions/csv_export.html?view=renderCSV&id=870306,30,20.0,2026-07-06,43.1,0.15,0.292667,0.58,0.696,,,0.58,,,0.292667,,,0.15,,,0.12,,
2026-07-09T11:58:03.384165+00:00,2026-07-09,network,https://www.bundesnetzagentur.de/_tools/SVG/js2/_functions/csv_export.html?view=renderCSV&id=870304,https://www.bundesnetzagentur.de/_tools/SVG/js2/_functions/csv_export.html?view=renderCSV&id=870306,30,20.0,2026-07-07,43.32,0.15,0.287,0.58,0.696,,,0.58,,,0.287,,,0.15,,,0.12,,
2026-07-10T11:43:54.931856+00:00,2026-07-10,network,https://www.bundesnetzagentur.de/_tools/SVG/js2/_functions/csv_export.html?view=renderCSV&id=870304,https://www.bundesnetzagentur.de/_tools/SVG/js2/_functions/csv_export.html?view=renderCSV&id=870306,30,20.0,2026-07-08,43.45,0.13,0.281667,0.58,0.696,,,0.58,,,0.281667,,,0.13,,,0.104,,
2026-07-11T10:09:22.495645+00:00,2026-07-11,network,https://www.bundesnetzagentur.de/_tools/SVG/js2/_functions/csv_export.html?view=renderCSV&id=870304,https://www.bundesnetzagentur.de/_tools/SVG/js2/_functions/csv_export.html?view=renderCSV&id=870306,30,20.0,2026-07-09,43.56,0.11,0.276,0.58,0.696,,,0.58,,,0.276,,,0.11,,,0.088,,
2026-07-12T10:19:24.931145+00:00,2026-07-12,network,https://www.bundesnetzagentur.de/_tools/SVG/js2/_functions/csv_export.html?view=renderCSV&id=870304,https://www.bundesnetzagentur.de/_tools/SVG/js2/_functions/csv_export.html?view=renderCSV&id=870306,30,20.0,2026-07-10,43.65,0.09,0.272333,0.58,0.696,,,0.58,,,0.272333,,,0.09,,,0.072,,
2026-07-13T11:54:20.145903+00:00,2026-07-13,network,https://www.bundesnetzagentur.de/_tools/SVG/js2/_functions/csv_export.html?view=renderCSV&id=870304,https://www.bundesnetzagentur.de/_tools/SVG/js2/_functions/csv_export.html?view=renderCSV&id=870306,30,20.0,2026-07-11,43.94,0.09,0.277,0.58,0.696,,,0.58,,,0.277,,,0.09,,,0.072,,
2026-07-14T10:38:28.894425+00:00,2026-07-14,network,https://www.bundesnetzagentur.de/_tools/SVG/js2/_functions/csv_export.html?view=renderCSV&id=870304,https://www.bundesnetzagentur.de/_tools/SVG/js2/_functions/csv_export.html?view=renderCSV&id=870306,30,20.0,2026-07-12,44.26,0.09,0.279667,0.58,0.696,,,0.58,,,0.279667,,,0.09,,,0.072,,
2026-07-15T10:43:01.358413+00:00,2026-07-15,network,https://www.bundesnetzagentur.de/_tools/SVG/js2/_functions/csv_export.html?view=renderCSV&id=870304,https://www.bundesnetzagentur.de/_tools/SVG/js2/_functions/csv_export.html?view=renderCSV&id=870306,30,20.0,2026-07-13,44.48,0.09,0.267667,0.48,0.576,,,0.48,,,0.267667,,,0.09,,,0.072,,
2026-07-16T10:50:42.922674+00:00,2026-07-16,network,https://www.bundesnetzagentur.de/_tools/SVG/js2/_functions/csv_export.html?view=renderCSV&id=870304,https://www.bundesnetzagentur.de/_tools/SVG/js2/_functions/csv_export.html?view=renderCSV&id=870306,30,20.0,2026-07-14,44.65,0.09,0.261,0.48,0.576,,,0.48,,,0.261,,,0.09,,,0.072,,
2026-07-17T10:39:27.698508+00:00,2026-07-17,network,https://www.bundesnetzagentur.de/_tools/SVG/js2/_functions/csv_export.html?view=renderCSV&id=870304,https://www.bundesnetzagentur.de/_tools/SVG/js2/_functions/csv_export.html?view=renderCSV&id=870306,30,20.0,2026-07-15,44.86,0.09,0.26,0.48,0.576,,,0.48,,,0.26,,,0.09,,,0.072,,
2026-07-18T10:11:51.421669+00:00,2026-07-18,network,https://www.bundesnetzagentur.de/_tools/SVG/js2/_functions/csv_export.html?view=renderCSV&id=870304,https://www.bundesnetzagentur.de/_tools/SVG/js2/_functions/csv_export.html?view=renderCSV&id=870306,30,20.0,2026-07-16,44.91,0.05,0.255333,0.48,0.576,,,0.48,,,0.255333,,,0.05,,,0.04,,
2026-07-19T10:20:07.187181+00:00,2026-07-19,network,https://www.bundesnetzagentur.de/_tools/SVG/js2/_functions/csv_export.html?view=renderCSV&id=870304,https://www.bundesnetzagentur.de/_tools/SVG/js2/_functions/csv_export.html?view=renderCSV&id=870306,30,20.0,2026-07-17,45.01,0.05,0.251333,0.48,0.576,,,0.48,,,0.251333,,,0.05,,,0.04,,
2026-07-20T11:37:44.919030+00:00,2026-07-20,network,https://www.bundesnetzagentur.de/_tools/SVG/js2/_functions/csv_export.html?view=renderCSV&id=870304,https://www.bundesnetzagentur.de/_tools/SVG/js2/_functions/csv_export.html?view=renderCSV&id=870306,30,20.0,2026-07-18,45.21,0.05,0.25,0.48,0.576,,,0.48,,,0.25,,,0.05,,,0.04,,
2026-07-21T10:58:50.208285+00:00,2026-07-21,network,https://www.bundesnetzagentur.de/_tools/SVG/js2/_functions/csv_export.html?view=renderCSV&id=870304,https://www.bundesnetzagentur.de/_tools/SVG/js2/_functions/csv_export.html?view=renderCSV&id=870306,30,20.0,2026-07-19,45.43,0.05,0.247,0.48,0.576,,,0.48,,,0.247,,,0.05,,,0.04,,
2026-07-22T10:59:56.498452+00:00,2026-07-22,network,https://www.bundesnetzagentur.de/_tools/SVG/js2/_functions/csv_export.html?view=renderCSV&id=870304,https://www.bundesnetzagentur.de/_tools/SVG/js2/_functions/csv_export.html?view=renderCSV&id=870306,30,20.0,2026-07-20,45.53,0.05,0.238667,0.48,0.576,,,0.48,,,0.238667,,,0.05,,,0.04,,
2026-07-23T11:02:23.286764+00:00,2026-07-23,network,https://www.bundesnetzagentur.de/_tools/SVG/js2/_functions/csv_export.html?view=renderCSV&id=870304,https://www.bundesnetzagentur.de/_tools/SVG/js2/_functions/csv_export.html?view=renderCSV&id=870306,30,20.0,2026-07-20,45.53,0.05,0.238667,0.48,0.576,,,0.48,,,0.238667,,,0.05,,,0.04,,
2026-07-24T10:55:59.635301+00:00,2026-07-24,network,https://www.bundesnetzagentur.de/_tools/SVG/js2/_functions/csv_export.html?view=renderCSV&id=870304,https://www.bundesnetzagentur.de/_tools/SVG/js2/_functions/csv_export.html?view=renderCSV&id=870306,30,20.0,2026-07-22,45.62,0.0,0.221,0.48,0.576,,,0.48,,,0.221,,,0.0,,,0.0,,
2026-07-25T10:21:39.467318+00:00,2026-07-25,network,https://www.bundesnetzagentur.de/_tools/SVG/js2/_functions/csv_export.html?view=renderCSV&id=870304,https://www.bundesnetzagentur.de/_tools/SVG/js2/_functions/csv_export.html?view=renderCSV&id=870306,30,20.0,2026-07-23,45.7,0.0,0.215667,0.48,0.576,,,0.48,,,0.215667,,,0.0,,,0.0,,
2026-07-26T10:37:41.279994+00:00,2026-07-26,network,https://www.bundesnetzagentur.de/_tools/SVG/js2/_functions/csv_export.html?view=renderCSV&id=870304,https://www.bundesnetzagentur.de/_tools/SVG/js2/_functions/csv_export.html?view=renderCSV&id=870306,30,20.0,2026-07-23,45.7,0.0,0.215667,0.48,0.576,,,0.48,,,0.215667,,,0.0,,,0.0,,
2026-07-27T12:13:14.948228+00:00,2026-07-27,network,https://www.bundesnetzagentur.de/_tools/SVG/js2/_functions/csv_export.html?view=renderCSV&id=870304,https://www.bundesnetzagentur.de/_tools/SVG/js2/_functions/csv_export.html?view=renderCSV&id=870306,30,20.0,2026-07-23,45.7,0.0,0.173478,0.32,0.384,,,0.32,,,0.173478,,,0.0,,,0.0,,
2026-07-28T11:10:03.437222+00:00,2026-07-28,cache,https://www.bundesnetzagentur.de/_tools/SVG/js2/_functions/csv_export.html?view=renderCSV&id=870304,https://www.bundesnetzagentur.de/_tools/SVG/js2/_functions/csv_export.html?view=renderCSV&id=870306,30,20.0,2026-07-23,45.7,0.0,0.173478,0.32,0.384,,,0.32,,,0.173478,,,0.0,,,0.0,,
2026-07-29T11:15:48.515331+00:00,2026-07-29,cache,https://www.bundesnetzagentur.de/_tools/SVG/js2/_functions/csv_export.html?view=renderCSV&id=870304,https://www.bundesnetzagentur.de/_tools/SVG/js2/_functions/csv_export.html?view=renderCSV&id=870306,30,20.0,2026-07-23,45.7,0.0,0.173478,0.32,0.384,,,0.32,,,0.173478,,,0.0,,,0.0,,
2026-07-30T10:59:25.334531+00:00,2026-07-30,cache,https://www.bundesnetzagentur.de/_tools/SVG/js2/_functions/csv_export.html?view=renderCSV&id=870304,https://www.bundesnetzagentur.de/_tools/SVG/js2/_functions/csv_export.html?view=renderCSV&id=870306,30,20.0,2026-07-23,45.7,0.0,0.173478,0.32,0.384,,,0.32,,,0.173478,,,0.0,,,0.0,,
2026-07-31T11:23:34.357627+00:00,2026-07-31,cache,https://www.bundesnetzagentur.de/_tools/SVG/js2/_functions/csv_export.html?view=renderCSV&id=870304,https://www.bundesnetzagentur.de/_tools/SVG/js2/_functions/csv_export.html?view=renderCSV&id=870306,30,20.0,2026-07-23,45.7,0.0,0.173478,0.32,0.384,,,0.32,,,0.173478,,,0.0,,,0.0,,
2026-08-01T10:27:57.952147+00:00,2026-08-01,cache,https://www.bundesnetzagentur.de/_tools/SVG/js2/_functions/csv_export.html?view=renderCSV&id=870304,https://www.bundesnetzagentur.de/_tools/SVG/js2/_functions/csv_export.html?view=renderCSV&id=870306,30,20.0,2026-07-23,45.7,0.0,0.173478,0.32,0.384,,,0.32,,,0.173478,,,0.0,,,0.0,,
2026-08-02T10:26:58.511484+00:00,2026-08-02,cache,https://www.bundesnetzagentur.de/_tools/SVG/js2/_functions/csv_export.html?view=renderCSV&id=870304,https://www.bundesnetzagentur.de/_tools/SVG/js2/_functions/csv_export.html?view=renderCSV&id=870306,30,20.0,2026-07-23,45.7,0.0,0.173478,0.32,0.384,,,0.32,,,0.173478,,,0.0,,,0.0,,
2026-08-03T12:13:52.013426+00:00,2026-08-03,cache,https://www.bundesnetzagentur.de/_tools/SVG/js2/_functions/csv_export.html?view=renderCSV&id=870304,https://www.bundesnetzagentur.de/_tools/SVG/js2/_functions/csv_export.html?view=renderCSV&id=870306,30,20.0,2026-07-23,45.7,0.0,0.173478,0.32,0.384,,,0.32,,,0.173478,,,0.0,,,0.0,,
2026-08-04T11:17:12.040598+00:00,2026-08-04,cache,https://www.bundesnetzagentur.de/_tools/SVG/js2/_functions/csv_export.html?view=renderCSV&id=870304,https://www.bundesnetzagentur.de/_tools/SVG/js2/_functions/csv_export.html?view=renderCSV&id=870306,30,20.0,2026-07-23,45.7,0.0,0.173478,0.32,0.384,,,0.32,,,0.173478,,,0.0,,,0.0,,
2026-08-05T11:12:43.892550+00:00,2026-08-05,cache,https://www.bundesnetzagentur.de/_tools/SVG/js2/_functions/csv_export.html?view=renderCSV&id=870304,https://www.bundesnetzagentur.de/_tools/SVG/js2/_functions/csv_export.html?view=renderCSV&id=870306,30,20.0,2026-07-23,45.7,0.0,0.173478,0.32,0.384,,,0.32,,,0.173478,,,0.0,,,0.0,,
2026-08-06T11:12:57.516458+00:00,2026-08-06,cache,https://www.bundesnetzagentur.de/_tools/SVG/js2/_functions/csv_export.html?view=renderCSV&id=870304,https://www.bundesnetzagentur.de/_tools/SVG/js2/_functions/csv_export.html?view=renderCSV&id=870306,30,20.0,2026-07-23,45.7,0.0,0.173478,0.32,0.384,,,0.32,,,0.173478,,,0.0,,,0.0,,
2026-08-07T09:53:08.693401+00:00,2026-08-07,cache,https://www.bundesnetzagentur.de/_tools/SVG/js2/_functions/csv_export.html?view=renderCSV&id=870304,https://www.bundesnetzagentur.de/_tools/SVG/js2/_functions/csv_export.html?view=renderCSV&id=870306,30,20.0,2026-07-23,45.7,0.0,0.173478,0.32,0.384,,,0.32,,,0.173478,,,0.0,,,0.0,,
2026-08-08T09:29:18.210218+00:00,2026-08-08,cache,https://www.bundesnetzagentur.de/_tools/SVG/js2/_functions/csv_export.html?view=renderCSV&id=870304,https://www.bundesnetzagentur.de/_tools/SVG/js2/_functions/csv_export.html?view=renderCSV&id=870306,30,20.0,2026-07-23,45.7,0.0,0.173478,0.32,0.384,,,0.32,,,0.173478,,,0.0,,,0.0,,
2026-08-09T09:31:07.911346+00:00,2026-08-09,cache,https://www.bundesnetzagentur.de/_tools/SVG/js2/_functions/csv_export.html?view=renderCSV&id=870304,https://www.bundesnetzagentur.de/_tools/SVG/js2/_functions/csv_export.html?view=renderCSV&id=870306,30,20.0,2026-07-23,45.7,0.0,0.173478,0.32,0.384,,,0.32,,,0.173478,,,0.0,,,0.0,,
2026-08-10T10:09:53.477359+00:00,2026-08-10,cache,https://www.bundesnetzagentur.de/_tools/SVG/js2/_functions/csv_export.html?view=renderCSV&id=870304,https://www.bundesnetzagentur.de/_tools/SVG/js2/_functions/csv_export.html?view=renderCSV&id=870306,30,20.0,2026-07-23,45.7,0.0,0.173478,0.32,0.384,,,0.32,,,0.173478,,,0.0,,,0.0,,
2026-08-11T09:52:37.967225+00:00,2026-08-11,cache,https://www.bundesnetzagentur.de/_tools/SVG/js2/_functions/csv_export.html?view=renderCSV&id=870304,https://www.bundesnetzagentur.de/_tools/SVG/js2/_functions/csv_export.html?view=renderCSV&id=870306,30,20.0,2026-07-23,45.7,0.0,0.173478,0.32,0.384,,,0.32,,,0.173478,,,0.0,,,0.0,,
2026-08-12T09:54:05.668950+00:00,2026-08-12,cache,https://www.bundesnetzagentur.de/_tools/SVG/js2/_functions/csv_export.html?view=renderCSV&id=870304,https://www.bundesnetzagentur.de/_tools/SVG/js2/_functions/csv_export.html?view=renderCSV&id=870306,30,20.0,2026-07-23,45.7,0.0,0.173478,0.32,0.384,,,0.32,,,0.173478,,,0.0,,,0.0,,
2026-08-13T09:55:11.609643+00:00,2026-08-13,cache,https://www.bundesnetzagentur.de/_tools/SVG/js2/_functions/csv_export.html?view=renderCSV&id=870304,https://www.bundesnetzagentur.de/_tools/SVG/js2/_functions/csv_export.html?view=renderCSV&id=870306,30,20.0,2026-07-23,45.7,0.0,0.173478,0.32,0.384,,,0.32,,,0.173478,,,0.0,,,0.0,,
2026-08-14T09:52:19.662245+00:00,2026-08-14,cache,https://www.bundesnetzagentur.de/_tools/SVG/js2/_functions/csv_export.html?view=renderCSV&id=870304,https://www.bundesnetzagentur.de/_tools/SVG/js2/_functions/csv_export.html?view=renderCSV&id=870306,30,20.0,2026-07-23,45.7,0.0,0.173478,0.32,0.384,,,0.32,,,0.173478,,,0.0,,,0.0,,
2026-08-15T09:17:54.713108+00:00,2026-08-15,cache,https://www.bundesnetzagentur.de/_tools/SVG/js2/_functions/csv_export.html?view=renderCSV&id=870304,https://www.bundesnetzagentur.de/_tools/SVG/js2/_functions/csv_export.html?view=renderCSV&id=870306,30,20.0,2026-07-23,45.7,0.0,0.173478,0.32,0.384,,,0.32,,,0.173478,,,0.0,,,0.0,,
2026-08-16T09:18:59.278218+00:00,2026-08-16,cache,https://www.bundesnetzagentur.de/_tools/SVG/js2/_functions/csv_export.html?view=renderCSV&id=870304,https://www.bundesnetzagentur.de/_tools/SVG/js2/_functions/csv_export.html?view=renderCSV&id=870306,30,20.0,2026-07-23,45.7,0.0,0.173478,0.32,0.384,,,0.32,,,0.173478,,,0.0,,,0.0,,
2026-08-17T09:32:31.087283+00:00,2026-08-17,cache,https://www.bundesnetzagentur.de/_tools/SVG/js2/_functions/csv_export.html?view=renderCSV&id=870304,https://www.bundesnetzagentur.de/_tools/SVG/js2/_functions/csv_export.html?view=renderCSV&id=870306,30,20.0,2026-07-23,45.7,0.0,0.173478,0.32,0.384,,,0.32,,,0.173478,,,0.0,,,0.0,,
2026-08-18T09:23:58.205127+00:00,2026-08-18,cache,https://www.bundesnetzagentur.de/_tools/SVG/js2/_functions/csv_export.html?view=renderCSV&id=870304,https://www.bundesnetzagentur.de/_tools/SVG/js2/_functions/csv_export.html?view=renderCSV&id=870306,30,20.0,2026-07-23,45.7,0.0,0.173478,0.32,0.384,,,0.32,,,0.173478,,,0.0,,,0.0,,
2026-08-18T20:11:08.929283+00:00,2026-08-18,network,https://www.bundesnetzagentur.de/SiteGlobals/Functions/SVG/_functions/csv_export.html?view=renderCSV&id=870304,https://www.bundesnetzagentur.de/SiteGlobals/Functions/SVG/_functions/csv_export.html?view=renderCSV&id=870306,30,20.0,2026-08-16,49.91,0.0,0.163,0.29,0.348,,,0.29,,,0.163,,,0.0,,,0.0,,
2026-08-19T09:24:56.294614+00:00,2026-08-19,network,https://www.bundesnetzagentur.de/SiteGlobals/Functions/SVG/_functions/csv_export.html?view=renderCSV&id=870304,https://www.bundesnetzagentur.de/SiteGlobals/Functions/SVG/_functions/csv_export.html?view=renderCSV&id=870306,30,20.0,2026-08-17,50.06,0.0,0.161667,0.29,0.348,,,0.29,,,0.161667,,,0.0,,,0.0,,
2026-08-20T09:25:19.443869+00:00,2026-08-20,network,https://www.bundesnetzagentur.de/SiteGlobals/Functions/SVG/_functions/csv_export.html?view=renderCSV&id=870304,https://www.bundesnetzagentur.de/SiteGlobals/Functions/SVG/_functions/csv_export.html?view=renderCSV&id=870306,30,20.0,2026-08-18,50.14,0.0,0.157,0.29,0.348,,,0.29,,,0.157,,,0.0,,,0.0,,
2026-08-21T17:50:36.722753+00:00,2026-08-21,network,https://www.bundesnetzagentur.de/SiteGlobals/Functions/SVG/_functions/csv_export.html?view=renderCSV&id=870304,https://www.bundesnetzagentur.de/SiteGlobals/Functions/SVG/_functions/csv_export.html?view=renderCSV&id=870306,30,20.0,2026-08-19,50.19,0.0,0.155333,0.29,0.348,,,0.29,,,0.155333,,,0.0,,,0.0,,
2026-08-21T17:51:53.551996+00:00,2026-08-21,network,https://www.bundesnetzagentur.de/SiteGlobals/Functions/SVG/_functions/csv_export.html?view=renderCSV&id=870304,https://www.bundesnetzagentur.de/SiteGlobals/Functions/SVG/_functions/csv_export.html?view=renderCSV&id=870306,30,20.0,2026-08-19,50.19,0.0,0.155333,0.29,0.348,,,0.29,,,0.155333,,,0.0,,,0.0,,
2026-08-22T09:25:52.321016+00:00,2026-08-22,network,https://www.bundesnetzagentur.de/SiteGlobals/Functions/SVG/_functions/csv_export.html?view=renderCSV&id=870304,https://www.bundesnetzagentur.de/SiteGlobals/Functions/SVG/_functions/csv_export.html?view=renderCSV&id=870306,30,20.0,2026-08-20,50.25,0.0,0.157333,0.29,0.348,,,0.29,,,0.157333,,,0.0,,,0.0,,
2026-08-23T09:26:57.654453+00:00,2026-08-23,network,https://www.bundesnetzagentur.de/SiteGlobals/Functions/SVG/_functions/csv_export.html?view=renderCSV&id=870304,https://www.bundesnetzagentur.de/SiteGlobals/Functions/SVG/_functions/csv_export.html?view=renderCSV&id=870306,30,20.0,2026-08-21,50.43,0.0,0.160333,0.29,0.348,,,0.29,,,0.160333,,,0.0,,,0.0,,
2026-08-24T09:47:09.459534+00:00,2026-08-24,network,https://www.bundesnetzagentur.de/SiteGlobals/Functions/SVG/_functions/csv_export.html?view=renderCSV&id=870304,https://www.bundesnetzagentur.de/SiteGlobals/Functions/SVG/_functions/csv_export.html?view=renderCSV&id=870306,30,20.0,2026-08-22,50.71,0.0,0.167,0.29,0.348,,,0.29,,,0.167,,,0.0,,,0.0,,
2026-08-26T09:40:27.201728+00:00,2026-08-26,network,https://www.bundesnetzagentur.de/SiteGlobals/Functions/SVG/_functions/csv_export.html?view=renderCSV&id=870304,https://www.bundesnetzagentur.de/SiteGlobals/Functions/SVG/_functions/csv_export.html?view=renderCSV&id=870306,30,20.0,2026-08-24,51.25,0.0,0.175667,0.3,0.36,,,0.3,,,0.175667,,,0.0,,,0.0,,
2026-08-26T11:57:11.580434+00:00,2026-08-26,network,https://www.bundesnetzagentur.de/SiteGlobals/Functions/SVG/_functions/csv_export.html?view=renderCSV&id=870304,https://www.bundesnetzagentur.de/SiteGlobals/Functions/SVG/_functions/csv_export.html?view=renderCSV&id=870306,30,20.0,2026-08-24,51.25,0.0,0.175667,0.3,0.36,,,0.3,,,0.175667,,,0.0,,,0.0,,
2026-08-27T19:21:51.930979+00:00,2026-08-27,network,https://www.bundesnetzagentur.de/SiteGlobals/Functions/SVG/_functions/csv_export.html?view=renderCSV&id=870304,https://www.bundesnetzagentur.de/SiteGlobals/Functions/SVG/_functions/csv_export.html?view=renderCSV&id=870306,30,20.0,2026-08-25,51.45,0.0,0.175333,0.3,0.36,,,0.3,,,0.175333,,,0.0,,,0.0,,
2026-08-28T20:33:14.831026+00:00,2026-08-28,network,https://www.bundesnetzagentur.de/SiteGlobals/Functions/SVG/_functions/csv_export.html?view=renderCSV&id=870304,https://www.bundesnetzagentur.de/SiteGlobals/Functions/SVG/_functions/csv_export.html?view=renderCSV&id=870306,30,20.0,2026-08-26,51.64,0.0,0.178333,0.3,0.36,,,0.3,,,0.178333,,,0.0,,,0.0,,
2026-08-29T14:06:29.836065+00:00,2026-08-29,network,https://www.bundesnetzagentur.de/SiteGlobals/Functions/SVG/_functions/csv_export.html?view=renderCSV&id=870304,https://www.bundesnetzagentur.de/SiteGlobals/Functions/SVG/_functions/csv_export.html?view=renderCSV&id=870306,30,20.0,2026-08-27,51.95,0.0,0.185667,0.3,0.36,,,0.3,,,0.185667,,,0.0,,,0.0,,
2026-08-30T14:10:45.827369+00:00,2026-08-30,network,https://www.bundesnetzagentur.de/SiteGlobals/Functions/SVG/_functions/csv_export.html?view=renderCSV&id=870304,https://www.bundesnetzagentur.de/SiteGlobals/Functions/SVG/_functions/csv_export.html?view=renderCSV&id=870306,30,20.0,2026-08-28,52.25,0.0,0.190333,0.3,0.36,,,0.3,,,0.190333,,,0.0,,,0.0,,
2026-09-02T13:07:32.803261+00:00,2026-09-02,network,https://www.bundesnetzagentur.de/SiteGlobals/Functions/SVG/_functions/csv_export.html?view=renderCSV&id=870304,https://www.bundesnetzagentur.de/SiteGlobals/Functions/SVG/_functions/csv_export.html?view=renderCSV&id=870306,30,20.0,2026-08-31,53.28,0.05,0.218,0.38,0.456,,,0.38,,,0.218,,,0.05,,,0.04,,
2026-09-03T13:08:56.396932+00:00,2026-09-03,network,https://www.bundesnetzagentur.de/SiteGlobals/Functions/SVG/_functions/csv_export.html?view=renderCSV&id=870304,https://www.bundesnetzagentur.de/SiteGlobals/Functions/SVG/_functions/csv_export.html?view=renderCSV&id=870306,30,20.0,2026-08-31,53.31,0.05,0.21931,0.4,0.48,,,0.4,,,0.21931,,,0.05,,,0.04,,
2026-09-04T13:03:40.216406+00:00,2026-09-04,network,https://www.bundesnetzagentur.de/SiteGlobals/Functions/SVG/_functions/csv_export.html?view=renderCSV&id=870304,https://www.bundesnetzagentur.de/SiteGlobals/Functions/SVG/_functions/csv_export.html?view=renderCSV&id=870306,30,20.0,2026-09-02,53.67,0.05,0.218333,0.4,0.48,,,0.4,,,0.218333,,,0.05,,,0.04,,
